entry_id,entity,channel,client_entry,api_route,server_path,server_revision_field,base_read_at_client,base_sent,base_persisted_idb,missing_base_branch,legacy_branch,conflict_retry_branch,evidence_tier,source_sha
A,tasks,online,.Tasks.tsx:508-521,tasks.js:247-330 PUT /api/tasks/:id,tasks.js:301-312 updateTaskFields(no cas),none,n/a,no,no,n/a (baseline absent online -> stale accepted),all online clients legacy for tasks,SRC+HIST(B16),a386afba
B,tasks,online,edStatus Tasks.tsx:484-506; KanbanBoard.tsx:516-539,tasks.js:333-347 PATCH /:id/status,tasks.js:333-347 prisma.task.update(no cas),none,n/a,no,no,n/a -> stale accepted,legacy,SRC,18c50fe2
C,tasks,offline,Tasks.tsx:491-498; KanbanBoard.tsx:523-530,enqueueChange -> sync push,sync.js:589-595,617-651; engine.ts:294-314,task.updatedAt (updatedAt),yes,task.updatedAt,yes,missing base -> observed-ts CAS only (no stale reject),legacy none (no contract gating for tasks),conflict stored per-user; resolveConflict server/local,SRC,5775758e/idb 61e81973/sync ff7f54a5
D,tasks,online,Tasks.tsx:508-521 (assigneeId in data),tasks.js:247-270 assignTask(no cas),tasks.js:301-312,none,n/a,no,no,n/a -> stale accepted,legacy,SRC,a386afba
E,tasks,offline,(no first-party enqueue caller found),generic sync could carry baseUpdatedAt,sync.js:74-95,617-651,n/a,no,no,n/a (producer absent),n/a,SRC(negative)
F,tasks,online,Tasks.tsx:508-521 mixed,tasks.js:301-312 $transaction,none,n/a,no,no,n/a -> mixed stale applied atomically,legacy,SRC+HIST(B16 title only),a386afba
G,tasks,online,(no UI caller found; API/integrator),tasks.js:433-453 POST /batch/status,tasks.js:433-453 prisma.task.update(no cas),none,n/a,no,no,n/a -> most stale-prone path,legacy,SRC(gap for T-RP-03),a386afba
H,tasks,offline,sync push (entity tasks),sync.js:500-749,sync.js:74-95,559-685 updatedAt,n/a,optional,optional,missing base -> observed-ts CAS; present+stale -> conflict,no contract gating,conflict/retry via engine,SRC,ff7f54a5
I,reports,online,ReportEdit.tsx (else branch) reports.update,reports.js:323-406 PUT /:id,reports.js:382-384 saveReportDraft(cas=expectedUpdatedAt),expectedUpdatedAt,modern client yes / legacy no,modern yes (online),modern missing -> 400 reject; legacy unlocked non-scientific draft accepted (audited noConcurrencyBaseline),legacy via assertLegacyCompatAllowed (allowLegacyCompat=true),409 CONFLICT on baseline mismatch,SRC,f0f16e23/editPolicy d77cadd2
J,reports,offline,ReportEdit.tsx:354-365 enqueueChange,reports.js:620-624 sync reports branch,saveReportDraft(cas=observed ts),none,none,no (no baseUpdatedAt sent),missing base -> observed-ts CAS only (no stale reject) -> GAP vs online,no contract gating offline,GAP for RP10-T01,SRC,5b9bde45/ff7f54a5
K,all,offline/server,sync.js conflict result,engine.resolveConflict,engine.ts:294-314,370-382,updatedAt(server snapshot),server.updatedAt,replay,per-user conflict store,missing base never yields conflict,n/a,resolveConflict server/local,SRC,5775758e
L,all,offline,engine.retryRejection,engine.ts:390-401; syncNow 241-367; preservePendingForUser 483-503,sync.js:544-554 replay,clientMutationId (idempotency),n/a,replay of original payload+cmid,yes,n/a,n/a,idempotent replay; per-user ownership on logout/switch,SRC,5775758e
M,task/report,delete,tasks.js DELETE; sync op=delete,sync.js:596-609 tombstone,sync.js:589 op!=='delete' excludes precheck,deletedAt/leftAt,n/a,no,delete excluded from stale precheck,n/a,stale-delete = S03-OI-05 (out of scope),SRC,ff7f54a5
