caseId,sourceResult,declaredTaskIds,disposition,originalResultChanged,newProductAcceptance
AC-B01-01,NOT_RUN,RP01-T02,REMAINING_IMPLEMENTATION_OR_JOINT_ACCEPTANCE,false,NOT_RUN
AC-B01-02,NOT_RUN,RP01-T02,REMAINING_IMPLEMENTATION_OR_JOINT_ACCEPTANCE,false,NOT_RUN
AC-B01-03,NOT_RUN,RP01-T02,REMAINING_IMPLEMENTATION_OR_JOINT_ACCEPTANCE,false,NOT_RUN
AC-B01-04,NOT_RUN,RP01-T02,REMAINING_IMPLEMENTATION_OR_JOINT_ACCEPTANCE,false,NOT_RUN
AC-B17-01,PASS,RP01-T01,REUSE_EXISTING_SCOPED_PASS,false,NOT_RUN
AC-B17-02,PASS,RP01-T01,REUSE_EXISTING_SCOPED_PASS,false,NOT_RUN
AC-B17-03,PASS,RP01-T01,REUSE_EXISTING_SCOPED_PASS,false,NOT_RUN
AC-B14-01,PASS,RP02-T01,REUSE_EXISTING_SCOPED_PASS,false,NOT_RUN
AC-B14-02,PASS,RP02-T01,REUSE_EXISTING_SCOPED_PASS,false,NOT_RUN
AC-B14-03,PASS,RP02-T01,REUSE_EXISTING_SCOPED_PASS,false,NOT_RUN
AC-B14-04,PASS,RP02-T01,REUSE_EXISTING_SCOPED_PASS,false,NOT_RUN
AC-B15-01,NOT_RUN,RP02-T02,REMAINING_IMPLEMENTATION_OR_JOINT_ACCEPTANCE,false,NOT_RUN
AC-B15-02,NOT_RUN,RP02-T02,REMAINING_IMPLEMENTATION_OR_JOINT_ACCEPTANCE,false,NOT_RUN
AC-B15-03,NOT_RUN,RP02-T02,REMAINING_IMPLEMENTATION_OR_JOINT_ACCEPTANCE,false,NOT_RUN
AC-B15-04,NOT_RUN,RP02-T02,REMAINING_IMPLEMENTATION_OR_JOINT_ACCEPTANCE,false,NOT_RUN
AC-N-R02-01-01,NOT_RUN,RP03-T01,REMAINING_IMPLEMENTATION_OR_JOINT_ACCEPTANCE,false,NOT_RUN
AC-N-R02-01-02,NOT_RUN,RP03-T01,REMAINING_IMPLEMENTATION_OR_JOINT_ACCEPTANCE,false,NOT_RUN
AC-N-R02-02-01,NOT_RUN,RP03-T02,REMAINING_IMPLEMENTATION_OR_JOINT_ACCEPTANCE,false,NOT_RUN
AC-N-R02-02-02,NOT_RUN,RP03-T02,REMAINING_IMPLEMENTATION_OR_JOINT_ACCEPTANCE,false,NOT_RUN
AC-B02-01,ENV_BLOCKED,RP05-T01;RP05-T02,REMAINING_IMPLEMENTATION_OR_JOINT_ACCEPTANCE,false,NOT_RUN
AC-B02-02,NOT_RUN,RP05-T01;RP05-T02,REMAINING_IMPLEMENTATION_OR_JOINT_ACCEPTANCE,false,NOT_RUN
AC-B02-03,NOT_RUN,RP05-T01;RP05-T02,REMAINING_IMPLEMENTATION_OR_JOINT_ACCEPTANCE,false,NOT_RUN
AC-B03-01,PASS,RP04-T01,REUSE_EXISTING_SCOPED_PASS,false,NOT_RUN
AC-B03-02,PASS,RP04-T01,REUSE_EXISTING_SCOPED_PASS,false,NOT_RUN
AC-B03-03,PASS,RP04-T01,REUSE_EXISTING_SCOPED_PASS,false,NOT_RUN
AC-B18-01,PASS,RP04-T02,REUSE_EXISTING_SCOPED_PASS,false,NOT_RUN
AC-B18-02,PASS,RP04-T02,REUSE_EXISTING_SCOPED_PASS,false,NOT_RUN
AC-B18-03,PASS,RP04-T02,REUSE_EXISTING_SCOPED_PASS,false,NOT_RUN
AC-B20-01,PASS,RP04-T01,REUSE_EXISTING_SCOPED_PASS,false,NOT_RUN
AC-B20-02,PASS,RP04-T01,REUSE_EXISTING_SCOPED_PASS,false,NOT_RUN
AC-B20-03,PASS,RP04-T01,REUSE_EXISTING_SCOPED_PASS,false,NOT_RUN
AC-B21-01,NOT_RUN,RP06-T01;RP06-T02,REMAINING_IMPLEMENTATION_OR_JOINT_ACCEPTANCE,false,NOT_RUN
AC-B21-02,NOT_RUN,RP06-T01;RP06-T02,REMAINING_IMPLEMENTATION_OR_JOINT_ACCEPTANCE,false,NOT_RUN
AC-B21-03,NOT_RUN,RP06-T01;RP06-T02,REMAINING_IMPLEMENTATION_OR_JOINT_ACCEPTANCE,false,NOT_RUN
AC-B21-04,NOT_RUN,RP06-T01;RP06-T02,REMAINING_IMPLEMENTATION_OR_JOINT_ACCEPTANCE,false,NOT_RUN
AC-B04-01,PASS,RP08-T01,REUSE_EXISTING_SCOPED_PASS,false,NOT_RUN
AC-B04-02,NOT_RUN,RP08-T01,ACCEPTED_TASK_WITH_OPEN_CASE_REQUIRES_EVIDENCE_OR_SCOPE_RECONCILIATION,false,NOT_RUN
AC-B04-03,PASS,RP08-T01,REUSE_EXISTING_SCOPED_PASS,false,NOT_RUN
AC-B07-01,PASS,RP13-T01;RP13-T02;RP13-T03,REUSE_EXISTING_SCOPED_PASS,false,NOT_RUN
AC-B07-02,PASS,RP13-T01;RP13-T02;RP13-T03,REUSE_EXISTING_SCOPED_PASS,false,NOT_RUN
AC-B07-03,NOT_RUN,RP13-T01;RP13-T02;RP13-T03,REMAINING_IMPLEMENTATION_OR_JOINT_ACCEPTANCE,false,NOT_RUN
AC-B08-01,NOT_RUN,RP08-T02,REMAINING_IMPLEMENTATION_OR_JOINT_ACCEPTANCE,false,NOT_RUN
AC-B08-02,NOT_RUN,RP08-T02,REMAINING_IMPLEMENTATION_OR_JOINT_ACCEPTANCE,false,NOT_RUN
AC-B08-03,NOT_RUN,RP08-T02,REMAINING_IMPLEMENTATION_OR_JOINT_ACCEPTANCE,false,NOT_RUN
AC-B05-01,NOT_RUN,RP09-T01,REMAINING_IMPLEMENTATION_OR_JOINT_ACCEPTANCE,false,NOT_RUN
AC-B05-02,NOT_RUN,RP09-T01,REMAINING_IMPLEMENTATION_OR_JOINT_ACCEPTANCE,false,NOT_RUN
AC-B05-03,NOT_RUN,RP09-T01,REMAINING_IMPLEMENTATION_OR_JOINT_ACCEPTANCE,false,NOT_RUN
AC-B06-01,NOT_RUN,RP09-T01;RP09-T02,REMAINING_IMPLEMENTATION_OR_JOINT_ACCEPTANCE,false,NOT_RUN
AC-B06-02,NOT_RUN,RP09-T01;RP09-T02,REMAINING_IMPLEMENTATION_OR_JOINT_ACCEPTANCE,false,NOT_RUN
AC-B06-03,NOT_RUN,RP09-T01;RP09-T02,REMAINING_IMPLEMENTATION_OR_JOINT_ACCEPTANCE,false,NOT_RUN
AC-B09-01,PASS,RP07-T01,REUSE_EXISTING_SCOPED_PASS,false,NOT_RUN
AC-B09-02,PASS,RP07-T01,REUSE_EXISTING_SCOPED_PASS,false,NOT_RUN
AC-B09-03,PASS,RP07-T01,REUSE_EXISTING_SCOPED_PASS,false,NOT_RUN
AC-R06-N01-01,NOT_RUN,RP07-T02,REMAINING_IMPLEMENTATION_OR_JOINT_ACCEPTANCE,false,NOT_RUN
AC-R06-N01-02,NOT_RUN,RP07-T02,REMAINING_IMPLEMENTATION_OR_JOINT_ACCEPTANCE,false,NOT_RUN
AC-R06-N01-03,NOT_RUN,RP07-T02,REMAINING_IMPLEMENTATION_OR_JOINT_ACCEPTANCE,false,NOT_RUN
AC-F01-01,NOT_RUN,RP11-T01,REMAINING_IMPLEMENTATION_OR_JOINT_ACCEPTANCE,false,NOT_RUN
AC-F01-02,NOT_RUN,RP11-T01,REMAINING_IMPLEMENTATION_OR_JOINT_ACCEPTANCE,false,NOT_RUN
AC-F01-03,NOT_RUN,RP11-T01,REMAINING_IMPLEMENTATION_OR_JOINT_ACCEPTANCE,false,NOT_RUN
AC-F03-01,NOT_RUN,RP11-T01,REMAINING_IMPLEMENTATION_OR_JOINT_ACCEPTANCE,false,NOT_RUN
AC-F03-02,NOT_RUN,RP11-T01,REMAINING_IMPLEMENTATION_OR_JOINT_ACCEPTANCE,false,NOT_RUN
AC-F03-03,NOT_RUN,RP11-T01,REMAINING_IMPLEMENTATION_OR_JOINT_ACCEPTANCE,false,NOT_RUN
AC-F02-01,NOT_RUN,RP11-T03,REMAINING_IMPLEMENTATION_OR_JOINT_ACCEPTANCE,false,NOT_RUN
AC-F02-02,NOT_RUN,RP11-T03,REMAINING_IMPLEMENTATION_OR_JOINT_ACCEPTANCE,false,NOT_RUN
AC-F04-01,NOT_RUN,RP12-T01;RP12-T02,REMAINING_IMPLEMENTATION_OR_JOINT_ACCEPTANCE,false,NOT_RUN
AC-F04-02,NOT_RUN,RP12-T01;RP12-T02,REMAINING_IMPLEMENTATION_OR_JOINT_ACCEPTANCE,false,NOT_RUN
AC-F04-03,NOT_RUN,RP12-T01;RP12-T02,REMAINING_IMPLEMENTATION_OR_JOINT_ACCEPTANCE,false,NOT_RUN
AC-B10-01,PASS,RP10-T02;RP10-T03,REUSE_EXISTING_SCOPED_PASS,false,NOT_RUN
AC-B10-02,NOT_RUN,RP10-T02;RP10-T03,REMAINING_IMPLEMENTATION_OR_JOINT_ACCEPTANCE,false,NOT_RUN
AC-B10-03,PASS,RP10-T02;RP10-T03,REUSE_EXISTING_SCOPED_PASS,false,NOT_RUN
AC-B16-01,NOT_RUN,RP10-T01,REMAINING_IMPLEMENTATION_OR_JOINT_ACCEPTANCE,false,NOT_RUN
AC-B16-02,NOT_RUN,RP10-T01,REMAINING_IMPLEMENTATION_OR_JOINT_ACCEPTANCE,false,NOT_RUN
AC-B16-03,NOT_RUN,RP10-T01,REMAINING_IMPLEMENTATION_OR_JOINT_ACCEPTANCE,false,NOT_RUN
AC-B11-01,PASS,RP14-T01,REUSE_EXISTING_SCOPED_PASS,false,NOT_RUN
AC-B11-02,NOT_RUN,RP14-T01,ACCEPTED_TASK_WITH_OPEN_CASE_REQUIRES_EVIDENCE_OR_SCOPE_RECONCILIATION,false,NOT_RUN
AC-B11-03,PASS,RP14-T01,REUSE_EXISTING_SCOPED_PASS,false,NOT_RUN
AC-B12-01,NOT_RUN,RP14-T02,REMAINING_IMPLEMENTATION_OR_JOINT_ACCEPTANCE,false,NOT_RUN
AC-B12-02,NOT_RUN,RP14-T02,REMAINING_IMPLEMENTATION_OR_JOINT_ACCEPTANCE,false,NOT_RUN
AC-B12-03,NOT_RUN,RP14-T02,REMAINING_IMPLEMENTATION_OR_JOINT_ACCEPTANCE,false,NOT_RUN
AC-B19-01,ENV_BLOCKED,RP05-T01,ACCEPTED_TASK_WITH_OPEN_CASE_REQUIRES_EVIDENCE_OR_SCOPE_RECONCILIATION,false,NOT_RUN
AC-B19-02,NOT_RUN,RP05-T01,ACCEPTED_TASK_WITH_OPEN_CASE_REQUIRES_EVIDENCE_OR_SCOPE_RECONCILIATION,false,NOT_RUN
AC-B19-03,ENV_BLOCKED,RP05-T01,ACCEPTED_TASK_WITH_OPEN_CASE_REQUIRES_EVIDENCE_OR_SCOPE_RECONCILIATION,false,NOT_RUN
AC-B19-04,NOT_RUN,RP05-T01,ACCEPTED_TASK_WITH_OPEN_CASE_REQUIRES_EVIDENCE_OR_SCOPE_RECONCILIATION,false,NOT_RUN
AC-B13-01,NOT_RUN,RP16-T01;RP16-T02;RP16-T03,REMAINING_IMPLEMENTATION_OR_JOINT_ACCEPTANCE,false,NOT_RUN
AC-B13-02,NOT_RUN,RP16-T01;RP16-T02;RP16-T03,REMAINING_IMPLEMENTATION_OR_JOINT_ACCEPTANCE,false,NOT_RUN
AC-B13-03,NOT_RUN,RP16-T01;RP16-T02;RP16-T03,REMAINING_IMPLEMENTATION_OR_JOINT_ACCEPTANCE,false,NOT_RUN
AC-B13-04,NOT_RUN,RP16-T01;RP16-T02;RP16-T03,REMAINING_IMPLEMENTATION_OR_JOINT_ACCEPTANCE,false,NOT_RUN
AC-D01-01,NOT_RUN,RP17-T01;RP17-T02;RP17-T03,REMAINING_IMPLEMENTATION_OR_JOINT_ACCEPTANCE,false,NOT_RUN
AC-R12-N01-01,ENV_BLOCKED,RP19-T01;RP19-T02,REMAINING_IMPLEMENTATION_OR_JOINT_ACCEPTANCE,false,NOT_RUN
AC-D02-01,NOT_RUN,RP18-T01;RP18-T02,REMAINING_IMPLEMENTATION_OR_JOINT_ACCEPTANCE,false,NOT_RUN
AC-D02-02,NOT_RUN,RP18-T01;RP18-T02,REMAINING_IMPLEMENTATION_OR_JOINT_ACCEPTANCE,false,NOT_RUN
AC-D03-01,NOT_RUN,RP18-T01;RP18-T03,REMAINING_IMPLEMENTATION_OR_JOINT_ACCEPTANCE,false,NOT_RUN
AC-D03-02,NOT_RUN,RP18-T01;RP18-T03,REMAINING_IMPLEMENTATION_OR_JOINT_ACCEPTANCE,false,NOT_RUN
AC-D03-03,NOT_RUN,RP18-T01;RP18-T03,REMAINING_IMPLEMENTATION_OR_JOINT_ACCEPTANCE,false,NOT_RUN
AC-N-S02-01-01,NOT_RUN,RP11-T01;RP11-T02,REMAINING_IMPLEMENTATION_OR_JOINT_ACCEPTANCE,false,NOT_RUN
AC-N-S02-01-02,NOT_RUN,RP11-T01;RP11-T02,REMAINING_IMPLEMENTATION_OR_JOINT_ACCEPTANCE,false,NOT_RUN
AC-N-S02-01-03,NOT_RUN,RP11-T01;RP11-T02,REMAINING_IMPLEMENTATION_OR_JOINT_ACCEPTANCE,false,NOT_RUN
PAC-RP00-01,PASS,RP00-T01,REUSE_EXISTING_SCOPED_PASS,false,NOT_RUN
PAC-RP00-02,NOT_RUN,RP00-T02;RP00-T03,COMPLETED_IMPLEMENTATION_OPEN_VALIDATION,false,NOT_RUN
PAC-RP00-03,PASS,RP00-T01,REUSE_EXISTING_SCOPED_PASS,false,NOT_RUN
PAC-RP00-04,NOT_RUN,RP00-T01,COMPLETED_IMPLEMENTATION_OPEN_VALIDATION,false,NOT_RUN
PAC-RP01-01,NOT_RUN,RP01-T02,REMAINING_IMPLEMENTATION_OR_JOINT_ACCEPTANCE,false,NOT_RUN
PAC-RP01-02,NOT_RUN,RP01-T02,REMAINING_IMPLEMENTATION_OR_JOINT_ACCEPTANCE,false,NOT_RUN
PAC-RP01-03,PASS,RP01-T01,REUSE_EXISTING_SCOPED_PASS,false,NOT_RUN
PAC-RP01-04,NOT_RUN,RP01-T02,REMAINING_IMPLEMENTATION_OR_JOINT_ACCEPTANCE,false,NOT_RUN
PAC-RP01-05,NOT_RUN,RP01-T02,REMAINING_IMPLEMENTATION_OR_JOINT_ACCEPTANCE,false,NOT_RUN
PAC-RP02-01,PASS,RP02-T01,REUSE_EXISTING_SCOPED_PASS,false,NOT_RUN
PAC-RP02-02,NOT_RUN,RP02-T02,REMAINING_IMPLEMENTATION_OR_JOINT_ACCEPTANCE,false,NOT_RUN
PAC-RP02-03,NOT_RUN,RP02-T02,REMAINING_IMPLEMENTATION_OR_JOINT_ACCEPTANCE,false,NOT_RUN
PAC-RP02-04,NOT_RUN,RP02-T01;RP02-T02,REMAINING_IMPLEMENTATION_OR_JOINT_ACCEPTANCE,false,NOT_RUN
PAC-RP02-05,NOT_RUN,RP02-T02,REMAINING_IMPLEMENTATION_OR_JOINT_ACCEPTANCE,false,NOT_RUN
PAC-RP03-01,NOT_RUN,RP03-T01,REMAINING_IMPLEMENTATION_OR_JOINT_ACCEPTANCE,false,NOT_RUN
PAC-RP03-02,NOT_RUN,RP03-T01,REMAINING_IMPLEMENTATION_OR_JOINT_ACCEPTANCE,false,NOT_RUN
PAC-RP03-03,NOT_RUN,RP03-T02,REMAINING_IMPLEMENTATION_OR_JOINT_ACCEPTANCE,false,NOT_RUN
PAC-RP03-04,NOT_RUN,RP03-T02,REMAINING_IMPLEMENTATION_OR_JOINT_ACCEPTANCE,false,NOT_RUN
PAC-RP03-05,NOT_RUN,RP03-T01,REMAINING_IMPLEMENTATION_OR_JOINT_ACCEPTANCE,false,NOT_RUN
PAC-RP04-01,ENV_BLOCKED,RP04-T01,ACCEPTED_TASK_WITH_OPEN_CASE_REQUIRES_EVIDENCE_OR_SCOPE_RECONCILIATION,false,NOT_RUN
PAC-RP04-02,ENV_BLOCKED,RP04-T02,ACCEPTED_TASK_WITH_OPEN_CASE_REQUIRES_EVIDENCE_OR_SCOPE_RECONCILIATION,false,NOT_RUN
PAC-RP04-03,ENV_BLOCKED,RP04-T01,ACCEPTED_TASK_WITH_OPEN_CASE_REQUIRES_EVIDENCE_OR_SCOPE_RECONCILIATION,false,NOT_RUN
PAC-RP04-04,ENV_BLOCKED,RP04-T02,ACCEPTED_TASK_WITH_OPEN_CASE_REQUIRES_EVIDENCE_OR_SCOPE_RECONCILIATION,false,NOT_RUN
PAC-RP05-01,ENV_BLOCKED,RP05-T01,ACCEPTED_TASK_WITH_OPEN_CASE_REQUIRES_EVIDENCE_OR_SCOPE_RECONCILIATION,false,NOT_RUN
PAC-RP05-02,ENV_BLOCKED,RP05-T01,ACCEPTED_TASK_WITH_OPEN_CASE_REQUIRES_EVIDENCE_OR_SCOPE_RECONCILIATION,false,NOT_RUN
PAC-RP05-03,ENV_BLOCKED,RP05-T01,ACCEPTED_TASK_WITH_OPEN_CASE_REQUIRES_EVIDENCE_OR_SCOPE_RECONCILIATION,false,NOT_RUN
PAC-RP05-04,NOT_RUN,RP05-T02,REMAINING_IMPLEMENTATION_OR_JOINT_ACCEPTANCE,false,NOT_RUN
PAC-RP05-05,NOT_RUN,RP05-T03,REMAINING_IMPLEMENTATION_OR_JOINT_ACCEPTANCE,false,NOT_RUN
PAC-RP06-01,NOT_RUN,RP06-T01,REMAINING_IMPLEMENTATION_OR_JOINT_ACCEPTANCE,false,NOT_RUN
PAC-RP06-02,NOT_RUN,RP06-T01,REMAINING_IMPLEMENTATION_OR_JOINT_ACCEPTANCE,false,NOT_RUN
PAC-RP06-03,NOT_RUN,RP06-T01,REMAINING_IMPLEMENTATION_OR_JOINT_ACCEPTANCE,false,NOT_RUN
PAC-RP06-04,NOT_RUN,RP06-T01,REMAINING_IMPLEMENTATION_OR_JOINT_ACCEPTANCE,false,NOT_RUN
PAC-RP07-01,PASS,RP07-T01,REUSE_EXISTING_SCOPED_PASS,false,NOT_RUN
PAC-RP07-02,PASS,RP07-T01;RP07-T02,REUSE_EXISTING_SCOPED_PASS,false,NOT_RUN
PAC-RP07-03,NOT_RUN,RP07-T02,REMAINING_IMPLEMENTATION_OR_JOINT_ACCEPTANCE,false,NOT_RUN
PAC-RP07-04,NOT_RUN,RP07-T02,REMAINING_IMPLEMENTATION_OR_JOINT_ACCEPTANCE,false,NOT_RUN
PAC-RP08-01,PASS,RP08-T01,REUSE_EXISTING_SCOPED_PASS,false,NOT_RUN
PAC-RP08-02,NOT_RUN,RP08-T02,REMAINING_IMPLEMENTATION_OR_JOINT_ACCEPTANCE,false,NOT_RUN
PAC-RP08-03,NOT_RUN,RP08-T02,REMAINING_IMPLEMENTATION_OR_JOINT_ACCEPTANCE,false,NOT_RUN
PAC-RP08-04,NOT_RUN,RP08-T02,REMAINING_IMPLEMENTATION_OR_JOINT_ACCEPTANCE,false,NOT_RUN
PAC-RP09-01,NOT_RUN,RP09-T01,REMAINING_IMPLEMENTATION_OR_JOINT_ACCEPTANCE,false,NOT_RUN
PAC-RP09-02,NOT_RUN,RP09-T01,REMAINING_IMPLEMENTATION_OR_JOINT_ACCEPTANCE,false,NOT_RUN
PAC-RP09-03,NOT_RUN,RP09-T02,REMAINING_IMPLEMENTATION_OR_JOINT_ACCEPTANCE,false,NOT_RUN
PAC-RP09-04,NOT_RUN,RP09-T01;RP09-T02,REMAINING_IMPLEMENTATION_OR_JOINT_ACCEPTANCE,false,NOT_RUN
PAC-RP09-05,NOT_RUN,RP09-T02,REMAINING_IMPLEMENTATION_OR_JOINT_ACCEPTANCE,false,NOT_RUN
PAC-RP10-01,NOT_RUN,RP10-T01,REMAINING_IMPLEMENTATION_OR_JOINT_ACCEPTANCE,false,NOT_RUN
PAC-RP10-02,PASS,RP10-T02,REUSE_EXISTING_SCOPED_PASS,false,NOT_RUN
PAC-RP10-03,NOT_RUN,RP10-T03,REMAINING_IMPLEMENTATION_OR_JOINT_ACCEPTANCE,false,NOT_RUN
PAC-RP10-04,NOT_RUN,RP10-T01,REMAINING_IMPLEMENTATION_OR_JOINT_ACCEPTANCE,false,NOT_RUN
PAC-RP10-05,NOT_RUN,RP10-T01,REMAINING_IMPLEMENTATION_OR_JOINT_ACCEPTANCE,false,NOT_RUN
PAC-RP11-01,NOT_RUN,RP11-T01,REMAINING_IMPLEMENTATION_OR_JOINT_ACCEPTANCE,false,NOT_RUN
PAC-RP11-02,NOT_RUN,RP11-T03,REMAINING_IMPLEMENTATION_OR_JOINT_ACCEPTANCE,false,NOT_RUN
PAC-RP11-03,NOT_RUN,RP11-T01,REMAINING_IMPLEMENTATION_OR_JOINT_ACCEPTANCE,false,NOT_RUN
PAC-RP11-04,NOT_RUN,RP11-T02,REMAINING_IMPLEMENTATION_OR_JOINT_ACCEPTANCE,false,NOT_RUN
PAC-RP11-05,NOT_RUN,RP11-T01;RP11-T02;RP11-T03,REMAINING_IMPLEMENTATION_OR_JOINT_ACCEPTANCE,false,NOT_RUN
PAC-RP12-01,NOT_RUN,RP12-T01,REMAINING_IMPLEMENTATION_OR_JOINT_ACCEPTANCE,false,NOT_RUN
PAC-RP12-02,NOT_RUN,RP12-T02,REMAINING_IMPLEMENTATION_OR_JOINT_ACCEPTANCE,false,NOT_RUN
PAC-RP12-03,NOT_RUN,RP12-T02,REMAINING_IMPLEMENTATION_OR_JOINT_ACCEPTANCE,false,NOT_RUN
PAC-RP12-04,NOT_RUN,RP12-T01;RP12-T02,REMAINING_IMPLEMENTATION_OR_JOINT_ACCEPTANCE,false,NOT_RUN
PAC-RP13-01,ENV_BLOCKED,RP13-T01,COMPLETED_IMPLEMENTATION_OPEN_VALIDATION,false,NOT_RUN
PAC-RP13-02,NOT_RUN,RP13-T02,COMPLETED_IMPLEMENTATION_OPEN_VALIDATION,false,NOT_RUN
PAC-RP13-03,NOT_RUN,RP13-T03,REMAINING_IMPLEMENTATION_OR_JOINT_ACCEPTANCE,false,NOT_RUN
PAC-RP13-04,NOT_RUN,RP13-T03,REMAINING_IMPLEMENTATION_OR_JOINT_ACCEPTANCE,false,NOT_RUN
PAC-RP13-05,NOT_RUN,RP13-T03,REMAINING_IMPLEMENTATION_OR_JOINT_ACCEPTANCE,false,NOT_RUN
PAC-RP14-01,PASS,RP14-T01,REUSE_EXISTING_SCOPED_PASS,false,NOT_RUN
PAC-RP14-02,NOT_RUN,RP14-T02,REMAINING_IMPLEMENTATION_OR_JOINT_ACCEPTANCE,false,NOT_RUN
PAC-RP14-03,NOT_RUN,RP14-T01;RP14-T02,REMAINING_IMPLEMENTATION_OR_JOINT_ACCEPTANCE,false,NOT_RUN
PAC-RP14-04,PASS,RP14-T01,REUSE_EXISTING_SCOPED_PASS,false,NOT_RUN
PAC-RP15-01,ENV_BLOCKED,RP15-T01;RP15-T02,REMAINING_IMPLEMENTATION_OR_JOINT_ACCEPTANCE,false,NOT_RUN
PAC-RP15-02,NOT_RUN,RP15-T03,REMAINING_IMPLEMENTATION_OR_JOINT_ACCEPTANCE,false,NOT_RUN
PAC-RP15-03,NOT_RUN,RP15-T03,REMAINING_IMPLEMENTATION_OR_JOINT_ACCEPTANCE,false,NOT_RUN
PAC-RP15-04,ENV_BLOCKED,RP15-T01;RP15-T02;RP15-T03,REMAINING_IMPLEMENTATION_OR_JOINT_ACCEPTANCE,false,NOT_RUN
PAC-RP16-01,NOT_RUN,RP16-T01;RP16-T02,REMAINING_IMPLEMENTATION_OR_JOINT_ACCEPTANCE,false,NOT_RUN
PAC-RP16-02,NOT_RUN,RP16-T02,REMAINING_IMPLEMENTATION_OR_JOINT_ACCEPTANCE,false,NOT_RUN
PAC-RP16-03,NOT_RUN,RP16-T02,REMAINING_IMPLEMENTATION_OR_JOINT_ACCEPTANCE,false,NOT_RUN
PAC-RP16-04,NOT_RUN,RP16-T01,REMAINING_IMPLEMENTATION_OR_JOINT_ACCEPTANCE,false,NOT_RUN
PAC-RP16-05,NOT_RUN,RP16-T03,REMAINING_IMPLEMENTATION_OR_JOINT_ACCEPTANCE,false,NOT_RUN
PAC-RP17-01,PASS,RP17-T01,REUSE_EXISTING_SCOPED_PASS,false,NOT_RUN
PAC-RP17-02,ENV_BLOCKED,RP17-T01,COMPLETED_IMPLEMENTATION_OPEN_VALIDATION,false,NOT_RUN
PAC-RP17-03,NOT_RUN,RP17-T03,REMAINING_IMPLEMENTATION_OR_JOINT_ACCEPTANCE,false,NOT_RUN
PAC-RP17-04,NOT_RUN,RP17-T02;RP17-T03,REMAINING_IMPLEMENTATION_OR_JOINT_ACCEPTANCE,false,NOT_RUN
PAC-RP18-01,NOT_RUN,RP18-T01,REMAINING_IMPLEMENTATION_OR_JOINT_ACCEPTANCE,false,NOT_RUN
PAC-RP18-02,NOT_RUN,RP18-T01;RP18-T03,REMAINING_IMPLEMENTATION_OR_JOINT_ACCEPTANCE,false,NOT_RUN
PAC-RP18-03,NOT_RUN,RP18-T02;RP18-T03,REMAINING_IMPLEMENTATION_OR_JOINT_ACCEPTANCE,false,NOT_RUN
PAC-RP18-04,NOT_RUN,RP18-T02;RP18-T03,REMAINING_IMPLEMENTATION_OR_JOINT_ACCEPTANCE,false,NOT_RUN
PAC-RP18-05,NOT_RUN,RP18-T01;RP18-T02,REMAINING_IMPLEMENTATION_OR_JOINT_ACCEPTANCE,false,NOT_RUN
PAC-RP19-01,ENV_BLOCKED,RP19-T01,COMPLETED_IMPLEMENTATION_OPEN_VALIDATION,false,NOT_RUN
PAC-RP19-02,NOT_RUN,RP19-T02,REMAINING_IMPLEMENTATION_OR_JOINT_ACCEPTANCE,false,NOT_RUN
PAC-RP19-03,NOT_RUN,RP19-T03,REMAINING_IMPLEMENTATION_OR_JOINT_ACCEPTANCE,false,NOT_RUN
PAC-RP19-04,ENV_BLOCKED,RP19-T04,REMAINING_IMPLEMENTATION_OR_JOINT_ACCEPTANCE,false,NOT_RUN
PAC-RP19-05,NOT_RUN,RP19-T03,REMAINING_IMPLEMENTATION_OR_JOINT_ACCEPTANCE,false,NOT_RUN
TASK-RP00-T01,PASS,RP00-T01,REUSE_EXISTING_SCOPED_PASS,false,NOT_RUN
TASK-RP00-T02,PASS,RP00-T02,REUSE_EXISTING_SCOPED_PASS,false,NOT_RUN
TASK-RP00-T03,PASS,RP00-T03,REUSE_EXISTING_SCOPED_PASS,false,NOT_RUN
TASK-RP00-T04,NOT_RUN,RP00-T04,COMPLETED_IMPLEMENTATION_OPEN_VALIDATION,false,NOT_RUN
TASK-RP00-T05,NOT_RUN,RP00-T05,COMPLETED_IMPLEMENTATION_OPEN_VALIDATION,false,NOT_RUN
TASK-RP01-T01,PASS,RP01-T01,REUSE_EXISTING_SCOPED_PASS,false,NOT_RUN
TASK-RP01-T02,NOT_RUN,RP01-T02,REMAINING_IMPLEMENTATION_OR_JOINT_ACCEPTANCE,false,NOT_RUN
TASK-RP01-T03,NOT_RUN,RP01-T03,REMAINING_IMPLEMENTATION_OR_JOINT_ACCEPTANCE,false,NOT_RUN
TASK-RP02-T01,PASS,RP02-T01,REUSE_EXISTING_SCOPED_PASS,false,NOT_RUN
TASK-RP02-T02,NOT_RUN,RP02-T02,REMAINING_IMPLEMENTATION_OR_JOINT_ACCEPTANCE,false,NOT_RUN
TASK-RP03-T01,NOT_RUN,RP03-T01,REMAINING_IMPLEMENTATION_OR_JOINT_ACCEPTANCE,false,NOT_RUN
TASK-RP03-T02,NOT_RUN,RP03-T02,REMAINING_IMPLEMENTATION_OR_JOINT_ACCEPTANCE,false,NOT_RUN
TASK-RP04-T01,PASS,RP04-T01,REUSE_EXISTING_SCOPED_PASS,false,NOT_RUN
TASK-RP04-T02,PASS,RP04-T02,REUSE_EXISTING_SCOPED_PASS,false,NOT_RUN
TASK-RP05-T01,PASS,RP05-T01,REUSE_EXISTING_SCOPED_PASS,false,NOT_RUN
TASK-RP05-T02,NOT_RUN,RP05-T02,REMAINING_IMPLEMENTATION_OR_JOINT_ACCEPTANCE,false,NOT_RUN
TASK-RP05-T03,NOT_RUN,RP05-T03,REMAINING_IMPLEMENTATION_OR_JOINT_ACCEPTANCE,false,NOT_RUN
TASK-RP06-T01,NOT_RUN,RP06-T01,REMAINING_IMPLEMENTATION_OR_JOINT_ACCEPTANCE,false,NOT_RUN
TASK-RP06-T02,NOT_RUN,RP06-T02,REMAINING_IMPLEMENTATION_OR_JOINT_ACCEPTANCE,false,NOT_RUN
TASK-RP07-T01,PASS,RP07-T01,REUSE_EXISTING_SCOPED_PASS,false,NOT_RUN
TASK-RP07-T02,NOT_RUN,RP07-T02,REMAINING_IMPLEMENTATION_OR_JOINT_ACCEPTANCE,false,NOT_RUN
TASK-RP08-T01,PASS,RP08-T01,REUSE_EXISTING_SCOPED_PASS,false,NOT_RUN
TASK-RP08-T02,NOT_RUN,RP08-T02,REMAINING_IMPLEMENTATION_OR_JOINT_ACCEPTANCE,false,NOT_RUN
TASK-RP09-T01,NOT_RUN,RP09-T01,REMAINING_IMPLEMENTATION_OR_JOINT_ACCEPTANCE,false,NOT_RUN
TASK-RP09-T02,NOT_RUN,RP09-T02,REMAINING_IMPLEMENTATION_OR_JOINT_ACCEPTANCE,false,NOT_RUN
TASK-RP10-T01,NOT_RUN,RP10-T01,REMAINING_IMPLEMENTATION_OR_JOINT_ACCEPTANCE,false,NOT_RUN
TASK-RP10-T02,PASS,RP10-T02,REUSE_EXISTING_SCOPED_PASS,false,NOT_RUN
TASK-RP10-T03,NOT_RUN,RP10-T03,REMAINING_IMPLEMENTATION_OR_JOINT_ACCEPTANCE,false,NOT_RUN
TASK-RP11-T01,NOT_RUN,RP11-T01,REMAINING_IMPLEMENTATION_OR_JOINT_ACCEPTANCE,false,NOT_RUN
TASK-RP11-T02,NOT_RUN,RP11-T02,REMAINING_IMPLEMENTATION_OR_JOINT_ACCEPTANCE,false,NOT_RUN
TASK-RP11-T03,NOT_RUN,RP11-T03,REMAINING_IMPLEMENTATION_OR_JOINT_ACCEPTANCE,false,NOT_RUN
TASK-RP12-T01,NOT_RUN,RP12-T01,REMAINING_IMPLEMENTATION_OR_JOINT_ACCEPTANCE,false,NOT_RUN
TASK-RP12-T02,NOT_RUN,RP12-T02,REMAINING_IMPLEMENTATION_OR_JOINT_ACCEPTANCE,false,NOT_RUN
TASK-RP13-T01,ENV_BLOCKED,RP13-T01,COMPLETED_IMPLEMENTATION_OPEN_VALIDATION,false,NOT_RUN
TASK-RP13-T02,PASS,RP13-T02,REUSE_EXISTING_SCOPED_PASS,false,NOT_RUN
TASK-RP13-T03,NOT_RUN,RP13-T03,REMAINING_IMPLEMENTATION_OR_JOINT_ACCEPTANCE,false,NOT_RUN
TASK-RP14-T01,PASS,RP14-T01,REUSE_EXISTING_SCOPED_PASS,false,NOT_RUN
TASK-RP14-T02,NOT_RUN,RP14-T02,REMAINING_IMPLEMENTATION_OR_JOINT_ACCEPTANCE,false,NOT_RUN
TASK-RP15-T01,ENV_BLOCKED,RP15-T01,REMAINING_IMPLEMENTATION_OR_JOINT_ACCEPTANCE,false,NOT_RUN
TASK-RP15-T02,NOT_RUN,RP15-T02,REMAINING_IMPLEMENTATION_OR_JOINT_ACCEPTANCE,false,NOT_RUN
TASK-RP15-T03,NOT_RUN,RP15-T03,REMAINING_IMPLEMENTATION_OR_JOINT_ACCEPTANCE,false,NOT_RUN
TASK-RP16-T01,NOT_RUN,RP16-T01,REMAINING_IMPLEMENTATION_OR_JOINT_ACCEPTANCE,false,NOT_RUN
TASK-RP16-T02,NOT_RUN,RP16-T02,REMAINING_IMPLEMENTATION_OR_JOINT_ACCEPTANCE,false,NOT_RUN
TASK-RP16-T03,NOT_RUN,RP16-T03,REMAINING_IMPLEMENTATION_OR_JOINT_ACCEPTANCE,false,NOT_RUN
TASK-RP17-T01,ENV_BLOCKED,RP17-T01,COMPLETED_IMPLEMENTATION_OPEN_VALIDATION,false,NOT_RUN
TASK-RP17-T02,NOT_RUN,RP17-T02,REMAINING_IMPLEMENTATION_OR_JOINT_ACCEPTANCE,false,NOT_RUN
TASK-RP17-T03,NOT_RUN,RP17-T03,REMAINING_IMPLEMENTATION_OR_JOINT_ACCEPTANCE,false,NOT_RUN
TASK-RP18-T01,NOT_RUN,RP18-T01,REMAINING_IMPLEMENTATION_OR_JOINT_ACCEPTANCE,false,NOT_RUN
TASK-RP18-T02,NOT_RUN,RP18-T02,REMAINING_IMPLEMENTATION_OR_JOINT_ACCEPTANCE,false,NOT_RUN
TASK-RP18-T03,NOT_RUN,RP18-T03,REMAINING_IMPLEMENTATION_OR_JOINT_ACCEPTANCE,false,NOT_RUN
TASK-RP19-T01,ENV_BLOCKED,RP19-T01,COMPLETED_IMPLEMENTATION_OPEN_VALIDATION,false,NOT_RUN
TASK-RP19-T02,NOT_RUN,RP19-T02,REMAINING_IMPLEMENTATION_OR_JOINT_ACCEPTANCE,false,NOT_RUN
TASK-RP19-T03,NOT_RUN,RP19-T03,REMAINING_IMPLEMENTATION_OR_JOINT_ACCEPTANCE,false,NOT_RUN
TASK-RP19-T04,ENV_BLOCKED,RP19-T04,REMAINING_IMPLEMENTATION_OR_JOINT_ACCEPTANCE,false,NOT_RUN
INT-PC01-01,NOT_RUN,RP00-T04;RP02-T02;RP03-T01;RP03-T02;RP11-T01;RP18-T01,REMAINING_IMPLEMENTATION_OR_JOINT_ACCEPTANCE,false,NOT_RUN
INT-PC02-01,NOT_RUN,RP01-T02;RP06-T01;RP07-T02;RP08-T01;RP09-T01;RP14-T02,REMAINING_IMPLEMENTATION_OR_JOINT_ACCEPTANCE,false,NOT_RUN
INT-PC03-01,NOT_RUN,RP00-T02;RP04-T02;RP05-T02;RP07-T01;RP09-T01;RP09-T02;RP10-T02;RP12-T02,REMAINING_IMPLEMENTATION_OR_JOINT_ACCEPTANCE,false,NOT_RUN
INT-PC04-01,NOT_RUN,RP11-T01;RP11-T02;RP11-T03;RP12-T01;RP13-T03,REMAINING_IMPLEMENTATION_OR_JOINT_ACCEPTANCE,false,NOT_RUN
INT-PC05-01,NOT_RUN,RP08-T02;RP09-T01;RP13-T02;RP13-T03,REMAINING_IMPLEMENTATION_OR_JOINT_ACCEPTANCE,false,NOT_RUN
INT-PC06-01,NOT_RUN,RP03-T02;RP09-T02;RP11-T03;RP13-T03;RP16-T03;RP19-T02,REMAINING_IMPLEMENTATION_OR_JOINT_ACCEPTANCE,false,NOT_RUN
INT-PC07-01,NOT_RUN,RP05-T01;RP05-T03;RP15-T01;RP15-T02;RP15-T03;RP16-T02,REMAINING_IMPLEMENTATION_OR_JOINT_ACCEPTANCE,false,NOT_RUN
INT-PC08-01,NOT_RUN,RP17-T01;RP17-T02;RP17-T03;RP19-T02,REMAINING_IMPLEMENTATION_OR_JOINT_ACCEPTANCE,false,NOT_RUN
INT-PC09-01,ENV_BLOCKED,RP00-T01;RP18-T01;RP18-T03;RP19-T03,REMAINING_IMPLEMENTATION_OR_JOINT_ACCEPTANCE,false,NOT_RUN
INT-PC10-01,NOT_RUN,RP18-T02;RP19-T03,REMAINING_IMPLEMENTATION_OR_JOINT_ACCEPTANCE,false,NOT_RUN
INT-PC11-01,NOT_RUN,RP00-T01;RP00-T05;RP19-T03,REMAINING_IMPLEMENTATION_OR_JOINT_ACCEPTANCE,false,NOT_RUN
INT-PC12-01,NOT_RUN,RP11-T03;RP12-T02;RP13-T03;RP19-T03,REMAINING_IMPLEMENTATION_OR_JOINT_ACCEPTANCE,false,NOT_RUN
GATE-S00-OI-01,PASS,RP00-T01,REUSE_EXISTING_SCOPED_PASS,false,NOT_RUN
GATE-D-S01-01,NOT_RUN,RP01-T02,REMAINING_IMPLEMENTATION_OR_JOINT_ACCEPTANCE,false,NOT_RUN
GATE-D-S01-02,NOT_RUN,RP01-T02,REMAINING_IMPLEMENTATION_OR_JOINT_ACCEPTANCE,false,NOT_RUN
GATE-D-S01-03,NOT_RUN,RP01-T03,REMAINING_IMPLEMENTATION_OR_JOINT_ACCEPTANCE,false,NOT_RUN
GATE-D-S01-04,NOT_RUN,RP03-T02,REMAINING_IMPLEMENTATION_OR_JOINT_ACCEPTANCE,false,NOT_RUN
GATE-D-S01-05,NOT_RUN,RP06-T01;RP08-T01,REMAINING_IMPLEMENTATION_OR_JOINT_ACCEPTANCE,false,NOT_RUN
GATE-D-S01-06,NOT_RUN,RP06-T02;RP07-T02,REMAINING_IMPLEMENTATION_OR_JOINT_ACCEPTANCE,false,NOT_RUN
GATE-D-S01-07,NOT_RUN,RP10-T02;RP10-T03,REMAINING_IMPLEMENTATION_OR_JOINT_ACCEPTANCE,false,NOT_RUN
GATE-D-S01-08,NOT_RUN,RP05-T02;RP05-T03;RP13-T03;RP15-T02;RP15-T03,REMAINING_IMPLEMENTATION_OR_JOINT_ACCEPTANCE,false,NOT_RUN
GATE-S02-OPEN-01,NOT_RUN,RP11-T01,REMAINING_IMPLEMENTATION_OR_JOINT_ACCEPTANCE,false,NOT_RUN
GATE-S02-OPEN-02,NOT_RUN,RP08-T02;RP11-T01,REMAINING_IMPLEMENTATION_OR_JOINT_ACCEPTANCE,false,NOT_RUN
GATE-S02-OPEN-03,NOT_RUN,RP11-T03,REMAINING_IMPLEMENTATION_OR_JOINT_ACCEPTANCE,false,NOT_RUN
GATE-S02-OPEN-04,NOT_RUN,RP12-T01,REMAINING_IMPLEMENTATION_OR_JOINT_ACCEPTANCE,false,NOT_RUN
GATE-S02-OPEN-05,NOT_RUN,RP03-T01,REMAINING_IMPLEMENTATION_OR_JOINT_ACCEPTANCE,false,NOT_RUN
GATE-S02-OPEN-06,NOT_RUN,RP11-T02,REMAINING_IMPLEMENTATION_OR_JOINT_ACCEPTANCE,false,NOT_RUN
GATE-S02-OPEN-07,NOT_RUN,RP11-T02,REMAINING_IMPLEMENTATION_OR_JOINT_ACCEPTANCE,false,NOT_RUN
GATE-S03-OI-01,NOT_RUN,RP13-T02,COMPLETED_IMPLEMENTATION_OPEN_VALIDATION,false,NOT_RUN
GATE-S03-OI-02,NOT_RUN,RP09-T02,REMAINING_IMPLEMENTATION_OR_JOINT_ACCEPTANCE,false,NOT_RUN
GATE-S03-OI-03,PASS,RP00-T02,REUSE_EXISTING_SCOPED_PASS,false,NOT_RUN
GATE-S03-OI-04,NOT_RUN,RP09-T02;RP13-T03,REMAINING_IMPLEMENTATION_OR_JOINT_ACCEPTANCE,false,NOT_RUN
GATE-S03-OI-05,NOT_RUN,RP05-T02;RP09-T01;RP10-T01,REMAINING_IMPLEMENTATION_OR_JOINT_ACCEPTANCE,false,NOT_RUN
GATE-S03-OI-06,NOT_RUN,RP03-T02,REMAINING_IMPLEMENTATION_OR_JOINT_ACCEPTANCE,false,NOT_RUN
GATE-S03-OI-07,NOT_RUN,RP07-T02,REMAINING_IMPLEMENTATION_OR_JOINT_ACCEPTANCE,false,NOT_RUN
GATE-S03-OI-08,NOT_RUN,RP10-T03,REMAINING_IMPLEMENTATION_OR_JOINT_ACCEPTANCE,false,NOT_RUN
GATE-S03-OI-09,NOT_RUN,RP00-T03,COMPLETED_IMPLEMENTATION_OPEN_VALIDATION,false,NOT_RUN
GATE-S04-OI-01,ENV_BLOCKED,RP15-T01,REMAINING_IMPLEMENTATION_OR_JOINT_ACCEPTANCE,false,NOT_RUN
GATE-S05-OI-01,NOT_RUN,RP17-T03,REMAINING_IMPLEMENTATION_OR_JOINT_ACCEPTANCE,false,NOT_RUN
GATE-S05-OI-02,ENV_BLOCKED,RP19-T01;RP19-T02,REMAINING_IMPLEMENTATION_OR_JOINT_ACCEPTANCE,false,NOT_RUN
GATE-S05-OI-03,NOT_RUN,RP16-T02,REMAINING_IMPLEMENTATION_OR_JOINT_ACCEPTANCE,false,NOT_RUN
GATE-S05-OI-04,NOT_RUN,RP18-T03;RP19-T03,REMAINING_IMPLEMENTATION_OR_JOINT_ACCEPTANCE,false,NOT_RUN
GATE-S05-OI-05,NOT_RUN,RP18-T02;RP19-T03,REMAINING_IMPLEMENTATION_OR_JOINT_ACCEPTANCE,false,NOT_RUN
DECISION-D-S01-01,NOT_RUN,RP01-T02,REMAINING_IMPLEMENTATION_OR_JOINT_ACCEPTANCE,false,NOT_RUN
DECISION-D-S01-02,NOT_RUN,RP01-T02,REMAINING_IMPLEMENTATION_OR_JOINT_ACCEPTANCE,false,NOT_RUN
DECISION-D-S01-03,NOT_RUN,RP01-T03,REMAINING_IMPLEMENTATION_OR_JOINT_ACCEPTANCE,false,NOT_RUN
DECISION-D-S01-04,NOT_RUN,RP03-T02,REMAINING_IMPLEMENTATION_OR_JOINT_ACCEPTANCE,false,NOT_RUN
DECISION-D-S01-05,NOT_RUN,RP06-T01;RP08-T01,REMAINING_IMPLEMENTATION_OR_JOINT_ACCEPTANCE,false,NOT_RUN
DECISION-D-S01-06,NOT_RUN,RP06-T02;RP07-T02,REMAINING_IMPLEMENTATION_OR_JOINT_ACCEPTANCE,false,NOT_RUN
DECISION-D-S01-07,NOT_RUN,RP10-T02;RP10-T03,REMAINING_IMPLEMENTATION_OR_JOINT_ACCEPTANCE,false,NOT_RUN
DECISION-D-S01-08,NOT_RUN,RP05-T02;RP05-T03;RP13-T03;RP15-T02;RP15-T03,REMAINING_IMPLEMENTATION_OR_JOINT_ACCEPTANCE,false,NOT_RUN
DECISION-T-RP-01,NOT_RUN,RP11-T02,REMAINING_IMPLEMENTATION_OR_JOINT_ACCEPTANCE,false,NOT_RUN
DECISION-T-RP-02,NOT_RUN,RP09-T01;RP09-T02;RP12-T02,REMAINING_IMPLEMENTATION_OR_JOINT_ACCEPTANCE,false,NOT_RUN
DECISION-T-RP-03,NOT_RUN,RP10-T01,REMAINING_IMPLEMENTATION_OR_JOINT_ACCEPTANCE,false,NOT_RUN
DECISION-T-RP-04,NOT_RUN,RP08-T02;RP13-T02;RP13-T03,REMAINING_IMPLEMENTATION_OR_JOINT_ACCEPTANCE,false,NOT_RUN
DECISION-T-RP-05,NOT_RUN,RP14-T02,REMAINING_IMPLEMENTATION_OR_JOINT_ACCEPTANCE,false,NOT_RUN
DECISION-T-RP-06,NOT_RUN,RP16-T01;RP16-T02,REMAINING_IMPLEMENTATION_OR_JOINT_ACCEPTANCE,false,NOT_RUN
DECISION-T-RP-07,NOT_RUN,RP05-T02;RP09-T01,REMAINING_IMPLEMENTATION_OR_JOINT_ACCEPTANCE,false,NOT_RUN
DECISION-T-RP-08,NOT_RUN,RP18-T01;RP18-T03,REMAINING_IMPLEMENTATION_OR_JOINT_ACCEPTANCE,false,NOT_RUN
DECISION-T-RP-09,NOT_RUN,RP00-T04;RP02-T02;RP03-T01;RP03-T02;RP11-T01;RP18-T01,REMAINING_IMPLEMENTATION_OR_JOINT_ACCEPTANCE,false,NOT_RUN
DECISION-T-RP-10,NOT_RUN,RP13-T02;RP13-T03;RP16-T03;RP19-T02,REMAINING_IMPLEMENTATION_OR_JOINT_ACCEPTANCE,false,NOT_RUN
DECISION-T-RP-11,NOT_RUN,RP00-T05;RP05-T03;RP12-T01;RP15-T02;RP15-T03;RP17-T02,REMAINING_IMPLEMENTATION_OR_JOINT_ACCEPTANCE,false,NOT_RUN
DECISION-T-RP-12,NOT_RUN,RP08-T02;RP11-T01;RP11-T03;RP12-T02,REMAINING_IMPLEMENTATION_OR_JOINT_ACCEPTANCE,false,NOT_RUN
DECISION-T-RP-13,NOT_RUN,RP00-T05;RP18-T02;RP19-T03,REMAINING_IMPLEMENTATION_OR_JOINT_ACCEPTANCE,false,NOT_RUN
