taskId,title,implementation,validation,readiness,unmetImplementationDependencies,implementationGates,acceptanceDependencies_validationOnly,laterGates
RP00-T01,基线/逐包范围/合成隔离及合法前提登记,COMPLETE,ENV_BLOCKED,IMPLEMENTED_LOCAL,[],[],[],"[{""ref"": ""S00-OI-01"", ""before"": ""VALIDATION"", ""condition"": ""archive disposition only; missing historic startHead does not block any business task""}]"
RP00-T02,500恢复合同定向静态补审,COMPLETE,PASS,IMPLEMENTED_LOCAL,[],[],[],"[{""ref"": ""S03-OI-03"", ""before"": ""VALIDATION"", ""condition"": ""always""}]"
RP00-T03,任务revision全支持端矩阵,COMPLETE,NOT_RUN,IMPLEMENTED_LOCAL,[],[],[],"[{""ref"": ""S03-OI-09"", ""before"": ""VALIDATION"", ""condition"": ""always""}]"
RP00-T04,refresh/auth transport与generation合同,COMPLETE,NOT_RUN,IMPLEMENTED_LOCAL,[],[],[],"[{""ref"": ""T-RP-09"", ""before"": ""VALIDATION"", ""condition"": ""always""}]"
RP00-T05,目标预算/监控/候选范围准备,COMPLETE,NOT_RUN,IMPLEMENTED_LOCAL,[],[],[],"[{""ref"": ""T-RP-11"", ""before"": ""VALIDATION"", ""condition"": ""always""}, {""ref"": ""T-RP-13"", ""before"": ""VALIDATION"", ""condition"": ""always""}]"
RP01-T01,合法角色创建DTO,COMPLETE,PASS,IMPLEMENTED_LOCAL,[],[],[],[]
RP01-T02,账号等级保护与强制改密,NOT_STARTED,NOT_RUN,APPLICABLE_SCOPE_DECISION_PENDING,[],"[{""ref"": ""D-S01-01"", ""before"": ""IMPLEMENTATION"", ""condition"": ""always"", ""status"": ""NEEDS_EXACT_SCOPE_OR_MATERIAL"", ""scopeNote"": ""Evaluate condition only in listed sub-scope; never globalize conditional gates""}, {""ref"": ""D-S01-02"", ""before"": ""IMPLEMENTATION"", ""condition"": ""only forced-password-change/business allowlist sub-scope; rank/reset protection uses D-S01-01 independently"", ""status"": ""NEEDS_EXACT_SCOPE_OR_MATERIAL"", ""scopeNote"": ""Evaluate condition only in listed sub-scope; never globalize conditional gates""}]",[],[]
RP01-T03,自定义角色绑定扩展（仅获准需求）,NOT_STARTED,NOT_RUN,OPTIONAL_NOT_ACTIVATED,[],"[{""ref"": ""D-S01-03"", ""before"": ""IMPLEMENTATION"", ""condition"": ""always"", ""status"": ""NEEDS_EXACT_SCOPE_OR_MATERIAL"", ""scopeNote"": ""Evaluate condition only in listed sub-scope; never globalize conditional gates""}]",[],[]
RP02-T01,临时锁/管理员停用与真实TTL,COMPLETE,PASS,IMPLEMENTED_LOCAL,[],[],[],[]
RP02-T02,refresh单次消费和family重放合同,COMPLETE,PASS,IMPLEMENTED_LOCAL,[],"[{""ref"": ""T-RP-09"", ""before"": ""IMPLEMENTATION"", ""condition"": ""always"", ""status"": ""SATISFIED_SCOPED"", ""scopeNote"": ""Evaluate condition only in listed sub-scope; never globalize conditional gates""}]","[""RP03-T01""]",[]
RP03-T01,跨tab/跨身份成功失败响应与原请求重放,COMPLETE,PASS,IMPLEMENTED_LOCAL,[],"[{""ref"": ""T-RP-09"", ""before"": ""IMPLEMENTATION"", ""condition"": ""always"", ""status"": ""SATISFIED_SCOPED"", ""scopeNote"": ""Evaluate condition only in listed sub-scope; never globalize conditional gates""}]",[],"[{""ref"": ""S02-OPEN-05"", ""before"": ""VALIDATION"", ""condition"": ""always""}]"
RP03-T02,获准会话撤销/security version,NOT_STARTED,NOT_RUN,APPLICABLE_SCOPE_DECISION_PENDING,[],"[{""ref"": ""D-S01-04"", ""before"": ""IMPLEMENTATION"", ""condition"": ""always"", ""status"": ""NEEDS_EXACT_SCOPE_OR_MATERIAL"", ""scopeNote"": ""Evaluate condition only in listed sub-scope; never globalize conditional gates""}, {""ref"": ""T-RP-09"", ""before"": ""IMPLEMENTATION"", ""condition"": ""always"", ""status"": ""NEEDS_EXACT_SCOPE_OR_MATERIAL"", ""scopeNote"": ""Evaluate condition only in listed sub-scope; never globalize conditional gates""}, {""ref"": ""S03-OI-06"", ""before"": ""IMPLEMENTATION"", ""condition"": ""same D-S01-04 approval; no second approval required"", ""status"": ""NEEDS_EXACT_SCOPE_OR_MATERIAL"", ""scopeNote"": ""Evaluate condition only in listed sub-scope; never globalize conditional gates""}]","[""RP02-T02""]",[]
RP04-T01,业务快照/状态日期/活跃查询,COMPLETE,PASS,IMPLEMENTED_LOCAL,[],[],[],[]
RP04-T02,创建聚合单事务及审计/idempotency,COMPLETE,PASS,IMPLEMENTED_LOCAL,[],[],"[""RP09-T01""]",[]
RP05-T01,阻断无授权硬删/跨项目parent,COMPLETE,PASS,IMPLEMENTED_LOCAL,[],[],[],[]
RP05-T02,保留ID的差量/删除/旧客户端适配,NOT_STARTED,NOT_RUN,APPLICABLE_SCOPE_DECISION_PENDING,[],"[{""ref"": ""D-S01-08"", ""before"": ""IMPLEMENTATION"", ""condition"": ""always"", ""status"": ""NEEDS_EXACT_SCOPE_OR_MATERIAL"", ""scopeNote"": ""Evaluate condition only in listed sub-scope; never globalize conditional gates""}, {""ref"": ""T-RP-07"", ""before"": ""IMPLEMENTATION"", ""condition"": ""always"", ""status"": ""NEEDS_EXACT_SCOPE_OR_MATERIAL"", ""scopeNote"": ""Evaluate condition only in listed sub-scope; never globalize conditional gates""}, {""ref"": ""S03-OI-05"", ""before"": ""IMPLEMENTATION"", ""condition"": ""only if stale/delete command adapter is changed; no gate on unrelated task fields or report snapshot"", ""status"": ""NEEDS_EXACT_SCOPE_OR_MATERIAL"", ""scopeNote"": ""Evaluate condition only in listed sub-scope; never globalize conditional gates""}]",[],[]
RP05-T03,获准DAG/live引用的并发验证,NOT_STARTED,NOT_RUN,OPTIONAL_NOT_ACTIVATED,"[""RP05-T02""]","[{""ref"": ""D-S01-08"", ""before"": ""IMPLEMENTATION"", ""condition"": ""DAG/live policy approved"", ""status"": ""NEEDS_EXACT_SCOPE_OR_MATERIAL"", ""scopeNote"": ""Evaluate condition only in listed sub-scope; never globalize conditional gates""}]",[],"[{""ref"": ""T-RP-11"", ""before"": ""VALIDATION"", ""condition"": ""always""}]"
RP06-T01,registration全入口scope,NOT_STARTED,NOT_RUN,APPLICABLE_SCOPE_DECISION_PENDING,[],"[{""ref"": ""D-S01-05"", ""before"": ""IMPLEMENTATION"", ""condition"": ""always"", ""status"": ""NEEDS_EXACT_SCOPE_OR_MATERIAL"", ""scopeNote"": ""Evaluate condition only in listed sub-scope; never globalize conditional gates""}]",[],[]
RP06-T02,registration负责人共享适配,NOT_STARTED,NOT_RUN,IMPLEMENTATION_DEPENDENCY_PENDING,"[""RP06-T01"", ""RP07-T02""]","[{""ref"": ""D-S01-06"", ""before"": ""IMPLEMENTATION"", ""condition"": ""always"", ""status"": ""NEEDS_EXACT_SCOPE_OR_MATERIAL"", ""scopeNote"": ""Evaluate condition only in listed sub-scope; never globalize conditional gates""}]",[],[]
RP07-T01,状态共享命令和archive权限,COMPLETE,PASS,IMPLEMENTED_LOCAL,[],[],[],[]
RP07-T02,负责人转移一致性,NOT_STARTED,NOT_RUN,APPLICABLE_SCOPE_DECISION_PENDING,[],"[{""ref"": ""D-S01-06"", ""before"": ""IMPLEMENTATION"", ""condition"": ""always"", ""status"": ""NEEDS_EXACT_SCOPE_OR_MATERIAL"", ""scopeNote"": ""Evaluate condition only in listed sub-scope; never globalize conditional gates""}, {""ref"": ""S03-OI-07"", ""before"": ""IMPLEMENTATION"", ""condition"": ""same D-S01-06 approval; no second approval required"", ""status"": ""NEEDS_EXACT_SCOPE_OR_MATERIAL"", ""scopeNote"": ""Evaluate condition only in listed sub-scope; never globalize conditional gates""}]",[],[]
RP08-T01,每实体/字段/own-only读取授权,COMPLETE,PASS,IMPLEMENTED_LOCAL,[],"[{""ref"": ""D-S01-05"", ""before"": ""IMPLEMENTATION"", ""condition"": ""only if registration global exception is requested"", ""status"": ""NEEDS_EXACT_SCOPE_OR_MATERIAL"", ""scopeNote"": ""Evaluate condition only in listed sub-scope; never globalize conditional gates""}]",[],[]
RP08-T02,ACL角色版本/回填/撤权及outbox隔离,NOT_STARTED,NOT_RUN,APPLICABLE_SCOPE_DECISION_PENDING,[],"[{""ref"": ""T-RP-04"", ""before"": ""IMPLEMENTATION"", ""condition"": ""always"", ""status"": ""NEEDS_EXACT_SCOPE_OR_MATERIAL"", ""scopeNote"": ""Evaluate condition only in listed sub-scope; never globalize conditional gates""}, {""ref"": ""T-RP-12"", ""before"": ""IMPLEMENTATION"", ""condition"": ""always"", ""status"": ""NEEDS_EXACT_SCOPE_OR_MATERIAL"", ""scopeNote"": ""Evaluate condition only in listed sub-scope; never globalize conditional gates""}]","[""RP11-T01""]","[{""ref"": ""S02-OPEN-02"", ""before"": ""VALIDATION"", ""condition"": ""joint authorized cache/page fallback acceptance""}]"
RP09-T01,单项授权/CAS/audit/receipt原子提交,NOT_STARTED,NOT_RUN,APPLICABLE_SCOPE_DECISION_PENDING,[],"[{""ref"": ""T-RP-02"", ""before"": ""IMPLEMENTATION"", ""condition"": ""always"", ""status"": ""NEEDS_EXACT_SCOPE_OR_MATERIAL"", ""scopeNote"": ""Evaluate condition only in listed sub-scope; never globalize conditional gates""}, {""ref"": ""T-RP-07"", ""before"": ""IMPLEMENTATION"", ""condition"": ""delete command adapter modified"", ""status"": ""NEEDS_EXACT_SCOPE_OR_MATERIAL"", ""scopeNote"": ""Evaluate condition only in listed sub-scope; never globalize conditional gates""}, {""ref"": ""S03-OI-05"", ""before"": ""IMPLEMENTATION"", ""condition"": ""only if stale/delete command adapter is changed; no gate on unrelated task fields or report snapshot"", ""status"": ""NEEDS_EXACT_SCOPE_OR_MATERIAL"", ""scopeNote"": ""Evaluate condition only in listed sub-scope; never globalize conditional gates""}]",[],[]
RP09-T02,同key竞争/unknown恢复/保留清理,NOT_STARTED,NOT_RUN,IMPLEMENTATION_DEPENDENCY_PENDING,"[""RP09-T01""]","[{""ref"": ""T-RP-02"", ""before"": ""IMPLEMENTATION"", ""condition"": ""always"", ""status"": ""NEEDS_EXACT_SCOPE_OR_MATERIAL"", ""scopeNote"": ""Evaluate condition only in listed sub-scope; never globalize conditional gates""}]",[],"[{""ref"": ""S03-OI-02"", ""before"": ""VALIDATION"", ""condition"": ""always""}, {""ref"": ""S03-OI-04"", ""before"": ""RELEASE"", ""condition"": ""always""}]"
RP10-T01,任务全部支持端CAS链,NOT_STARTED,NOT_RUN,APPLICABLE_SCOPE_DECISION_PENDING,[],"[{""ref"": ""T-RP-03"", ""before"": ""IMPLEMENTATION"", ""condition"": ""always"", ""status"": ""NEEDS_EXACT_SCOPE_OR_MATERIAL"", ""scopeNote"": ""Evaluate condition only in listed sub-scope; never globalize conditional gates""}, {""ref"": ""S03-OI-05"", ""before"": ""IMPLEMENTATION"", ""condition"": ""only if stale/delete command adapter is changed; no gate on unrelated task fields or report snapshot"", ""status"": ""NEEDS_EXACT_SCOPE_OR_MATERIAL"", ""scopeNote"": ""Evaluate condition only in listed sub-scope; never globalize conditional gates""}]",[],[]
RP10-T02,汇报同修订snapshot与版本原子性,COMPLETE,PASS,IMPLEMENTED_LOCAL,[],"[{""ref"": ""D-S01-07"", ""before"": ""IMPLEMENTATION"", ""condition"": ""source-state behavior changed"", ""status"": ""SATISFIED_SCOPED"", ""scopeNote"": ""Evaluate condition only in listed sub-scope; never globalize conditional gates""}]","[""RP09-T01""]",[]
RP10-T03,获准submit/resubmit状态及竞争,COMPLETE,PASS,IMPLEMENTED_LOCAL,[],"[{""ref"": ""D-S01-07"", ""before"": ""IMPLEMENTATION"", ""condition"": ""always"", ""status"": ""SATISFIED_SCOPED"", ""scopeNote"": ""Evaluate condition only in listed sub-scope; never globalize conditional gates""}]",[],"[{""ref"": ""S03-OI-08"", ""before"": ""VALIDATION"", ""condition"": ""always""}]"
RP11-T01,身份阶段/owner命名空间/ACL安全回退,NOT_STARTED,NOT_RUN,APPLICABLE_SCOPE_DECISION_PENDING,[],"[{""ref"": ""T-RP-09"", ""before"": ""IMPLEMENTATION"", ""condition"": ""always"", ""status"": ""NEEDS_EXACT_SCOPE_OR_MATERIAL"", ""scopeNote"": ""Evaluate condition only in listed sub-scope; never globalize conditional gates""}, {""ref"": ""T-RP-12"", ""before"": ""IMPLEMENTATION"", ""condition"": ""always"", ""status"": ""NEEDS_EXACT_SCOPE_OR_MATERIAL"", ""scopeNote"": ""Evaluate condition only in listed sub-scope; never globalize conditional gates""}]",[],"[{""ref"": ""S02-OPEN-01"", ""before"": ""VALIDATION"", ""condition"": ""always""}, {""ref"": ""S02-OPEN-02"", ""before"": ""VALIDATION"", ""condition"": ""always""}]"
RP11-T02,旧IDB行隔离迁移与多tab升级,NOT_STARTED,NOT_RUN,IMPLEMENTATION_DEPENDENCY_PENDING,"[""RP11-T01""]","[{""ref"": ""T-RP-01"", ""before"": ""IMPLEMENTATION"", ""condition"": ""always"", ""status"": ""NEEDS_EXACT_SCOPE_OR_MATERIAL"", ""scopeNote"": ""Evaluate condition only in listed sub-scope; never globalize conditional gates""}]",[],"[{""ref"": ""S02-OPEN-06"", ""before"": ""VALIDATION"", ""condition"": ""always""}, {""ref"": ""S02-OPEN-07"", ""before"": ""VALIDATION"", ""condition"": ""always""}]"
RP11-T03,冲突原子移动/用户恢复和最后副本,NOT_STARTED,NOT_RUN,IMPLEMENTATION_DEPENDENCY_PENDING,"[""RP11-T01""]","[{""ref"": ""T-RP-12"", ""before"": ""IMPLEMENTATION"", ""condition"": ""always"", ""status"": ""NEEDS_EXACT_SCOPE_OR_MATERIAL"", ""scopeNote"": ""Evaluate condition only in listed sub-scope; never globalize conditional gates""}]",[],"[{""ref"": ""S02-OPEN-03"", ""before"": ""VALIDATION"", ""condition"": ""always""}]"
RP12-T01,条数/bytes/依赖与不可变发送批次,NOT_STARTED,NOT_RUN,IMPLEMENTATION_DEPENDENCY_PENDING,"[""RP11-T01""]","[{""ref"": ""T-RP-11"", ""before"": ""IMPLEMENTATION"", ""condition"": ""always"", ""status"": ""NEEDS_EXACT_SCOPE_OR_MATERIAL"", ""scopeNote"": ""Evaluate condition only in listed sub-scope; never globalize conditional gates""}]",[],"[{""ref"": ""S02-OPEN-04"", ""before"": ""VALIDATION"", ""condition"": ""always""}]"
RP12-T02,按key验证结果及partial retry,NOT_STARTED,NOT_RUN,IMPLEMENTATION_DEPENDENCY_PENDING,"[""RP12-T01"", ""RP09-T01"", ""RP11-T03""]","[{""ref"": ""T-RP-02"", ""before"": ""IMPLEMENTATION"", ""condition"": ""always"", ""status"": ""NEEDS_EXACT_SCOPE_OR_MATERIAL"", ""scopeNote"": ""Evaluate condition only in listed sub-scope; never globalize conditional gates""}, {""ref"": ""T-RP-12"", ""before"": ""IMPLEMENTATION"", ""condition"": ""always"", ""status"": ""NEEDS_EXACT_SCOPE_OR_MATERIAL"", ""scopeNote"": ""Evaluate condition only in listed sub-scope; never globalize conditional gates""}]",[],[]
RP13-T01,已证截断的稳定分页子修复,COMPLETE,ENV_BLOCKED,IMPLEMENTED_LOCAL,[],[],"[""RP11-T01""]",[]
RP13-T02,safe-watermark/事件revision/epoch ADR,COMPLETE,ENV_BLOCKED,IMPLEMENTED_LOCAL,[],[],[],"[{""ref"": ""T-RP-04"", ""before"": ""VALIDATION"", ""condition"": ""always""}, {""ref"": ""T-RP-10"", ""before"": ""VALIDATION"", ""condition"": ""always""}, {""ref"": ""S03-OI-01"", ""before"": ""VALIDATION"", ""condition"": ""always""}]"
RP13-T03,生产者coverage/bootstrap/ACL/过期重建,NOT_STARTED,NOT_RUN,IMPLEMENTATION_DEPENDENCY_PENDING,"[""RP09-T01"", ""RP08-T02"", ""RP11-T02""]","[{""ref"": ""T-RP-04"", ""before"": ""IMPLEMENTATION"", ""condition"": ""always"", ""status"": ""NEEDS_EXACT_SCOPE_OR_MATERIAL"", ""scopeNote"": ""Evaluate condition only in listed sub-scope; never globalize conditional gates""}, {""ref"": ""T-RP-10"", ""before"": ""IMPLEMENTATION"", ""condition"": ""always"", ""status"": ""NEEDS_EXACT_SCOPE_OR_MATERIAL"", ""scopeNote"": ""Evaluate condition only in listed sub-scope; never globalize conditional gates""}, {""ref"": ""D-S01-08"", ""before"": ""IMPLEMENTATION"", ""condition"": ""only when approved delete/live-reference/tombstone semantics are changed"", ""status"": ""NEEDS_EXACT_SCOPE_OR_MATERIAL"", ""scopeNote"": ""Evaluate condition only in listed sub-scope; never globalize conditional gates""}]",[],"[{""ref"": ""S03-OI-04"", ""before"": ""RELEASE"", ""condition"": ""always""}]"
RP14-T01,感染字节出口统一阻断,COMPLETE,PASS,IMPLEMENTED_LOCAL,[],[],[],[]
RP14-T02,elevated/其他scan状态/审计,COMPLETE,PASS,IMPLEMENTED_LOCAL,[],"[{""ref"": ""T-RP-05"", ""before"": ""IMPLEMENTATION"", ""condition"": ""always"", ""status"": ""SATISFIED_SCOPED"", ""scopeNote"": ""Evaluate condition only in listed sub-scope; never globalize conditional gates""}]",[],[]
RP15-T01,实际schema与历史异常只读核查,IN_PROGRESS,ENV_BLOCKED,NEEDS_OWNER_READ_ONLY_DATA,[],[],[],"[{""ref"": ""S04-OI-01"", ""before"": ""VALIDATION"", ""condition"": ""always""}]"
RP15-T02,获准异常处置与迁移锁/关系设计,NOT_STARTED,NOT_RUN,IMPLEMENTATION_DEPENDENCY_PENDING,"[""RP15-T01""]","[{""ref"": ""D-S01-08"", ""before"": ""IMPLEMENTATION"", ""condition"": ""always"", ""status"": ""NEEDS_EXACT_SCOPE_OR_MATERIAL"", ""scopeNote"": ""Evaluate condition only in listed sub-scope; never globalize conditional gates""}, {""ref"": ""T-RP-11"", ""before"": ""IMPLEMENTATION"", ""condition"": ""always"", ""status"": ""NEEDS_EXACT_SCOPE_OR_MATERIAL"", ""scopeNote"": ""Evaluate condition only in listed sub-scope; never globalize conditional gates""}]",[],[]
RP15-T03,expand/validate/contract隔离演练,NOT_STARTED,NOT_RUN,IMPLEMENTATION_DEPENDENCY_PENDING,"[""RP15-T02""]","[{""ref"": ""D-S01-08"", ""before"": ""IMPLEMENTATION"", ""condition"": ""always"", ""status"": ""NEEDS_EXACT_SCOPE_OR_MATERIAL"", ""scopeNote"": ""Evaluate condition only in listed sub-scope; never globalize conditional gates""}]",[],"[{""ref"": ""T-RP-11"", ""before"": ""VALIDATION"", ""condition"": ""always""}]"
RP16-T01,支持模块完整unique/FK registry,NOT_STARTED,NOT_RUN,APPLICABLE_SCOPE_DECISION_PENDING,[],"[{""ref"": ""T-RP-06"", ""before"": ""IMPLEMENTATION"", ""condition"": ""always"", ""status"": ""NEEDS_EXACT_SCOPE_OR_MATERIAL"", ""scopeNote"": ""Evaluate condition only in listed sub-scope; never globalize conditional gates""}]",[],[]
RP16-T02,apply/真实计数/提交失败状态,NOT_STARTED,NOT_RUN,IMPLEMENTATION_DEPENDENCY_PENDING,"[""RP16-T01""]","[{""ref"": ""T-RP-06"", ""before"": ""IMPLEMENTATION"", ""condition"": ""always"", ""status"": ""NEEDS_EXACT_SCOPE_OR_MATERIAL"", ""scopeNote"": ""Evaluate condition only in listed sub-scope; never globalize conditional gates""}]",[],"[{""ref"": ""S05-OI-03"", ""before"": ""VALIDATION"", ""condition"": ""always""}]"
RP16-T03,恢复epoch/session/receipt/sync写入影响,NOT_STARTED,NOT_RUN,IMPLEMENTATION_DEPENDENCY_PENDING,"[""RP16-T02""]","[{""ref"": ""T-RP-10"", ""before"": ""IMPLEMENTATION"", ""condition"": ""always"", ""status"": ""NEEDS_EXACT_SCOPE_OR_MATERIAL"", ""scopeNote"": ""Evaluate condition only in listed sub-scope; never globalize conditional gates""}]",[],[]
RP17-T01,实际目录staging与不可变发布,COMPLETE,ENV_BLOCKED,IMPLEMENTED_LOCAL,[],[],[],[]
RP17-T02,并发备份run锁/manifest/pair保留,NOT_STARTED,NOT_RUN,APPLICABLE_SCOPE_DECISION_PENDING,[],"[{""ref"": ""T-RP-11"", ""before"": ""IMPLEMENTATION"", ""condition"": ""always"", ""status"": ""NEEDS_EXACT_SCOPE_OR_MATERIAL"", ""scopeNote"": ""Evaluate condition only in listed sub-scope; never globalize conditional gates""}]",[],[]
RP17-T03,目标Linux/inode/metadata及失败验收,NOT_STARTED,NOT_RUN,IMPLEMENTATION_DEPENDENCY_PENDING,"[""RP17-T02""]",[],[],"[{""ref"": ""S05-OI-01"", ""before"": ""VALIDATION"", ""condition"": ""always""}]"
RP18-T01,先build candidate/config CLI后gate/DDL,NOT_STARTED,NOT_RUN,APPLICABLE_SCOPE_DECISION_PENDING,[],"[{""ref"": ""T-RP-08"", ""before"": ""IMPLEMENTATION"", ""condition"": ""always"", ""status"": ""NEEDS_EXACT_SCOPE_OR_MATERIAL"", ""scopeNote"": ""Evaluate condition only in listed sub-scope; never globalize conditional gates""}, {""ref"": ""T-RP-09"", ""before"": ""IMPLEMENTATION"", ""condition"": ""always"", ""status"": ""NEEDS_EXACT_SCOPE_OR_MATERIAL"", ""scopeNote"": ""Evaluate condition only in listed sub-scope; never globalize conditional gates""}]",[],[]
RP18-T02,部署锁/原子切流/first-safe rollback,NOT_STARTED,NOT_RUN,IMPLEMENTATION_DEPENDENCY_PENDING,"[""RP18-T01""]","[{""ref"": ""T-RP-13"", ""before"": ""IMPLEMENTATION"", ""condition"": ""always"", ""status"": ""NEEDS_EXACT_SCOPE_OR_MATERIAL"", ""scopeNote"": ""Evaluate condition only in listed sub-scope; never globalize conditional gates""}]",[],"[{""ref"": ""S05-OI-05"", ""before"": ""RELEASE"", ""condition"": ""always""}]"
RP18-T03,目标运行配置/版本兼容验证,NOT_STARTED,NOT_RUN,IMPLEMENTATION_DEPENDENCY_PENDING,"[""RP18-T02""]","[{""ref"": ""T-RP-08"", ""before"": ""IMPLEMENTATION"", ""condition"": ""always"", ""status"": ""NEEDS_EXACT_SCOPE_OR_MATERIAL"", ""scopeNote"": ""Evaluate condition only in listed sub-scope; never globalize conditional gates""}]",[],"[{""ref"": ""S05-OI-04"", ""before"": ""VALIDATION"", ""condition"": ""always""}]"
RP19-T01,R12-N01候选外部协调证据裁定,COMPLETE,ENV_BLOCKED,IMPLEMENTED_LOCAL,[],[],[],"[{""ref"": ""S05-OI-02"", ""before"": ""VALIDATION"", ""condition"": ""always""}]"
RP19-T02,配对恢复/一致时点/epoch演练,NOT_STARTED,NOT_RUN,IMPLEMENTATION_DEPENDENCY_PENDING,"[""RP17-T02"", ""RP18-T01""]","[{""ref"": ""T-RP-10"", ""before"": ""IMPLEMENTATION"", ""condition"": ""always"", ""status"": ""NEEDS_EXACT_SCOPE_OR_MATERIAL"", ""scopeNote"": ""Evaluate condition only in listed sub-scope; never globalize conditional gates""}]",[],"[{""ref"": ""S05-OI-02"", ""before"": ""VALIDATION"", ""condition"": ""always""}]"
RP19-T03,按具体candidate范围计算release gates,NOT_STARTED,NOT_RUN,IMPLEMENTATION_DEPENDENCY_PENDING,"[""RP18-T02"", ""RP17-T03""]","[{""ref"": ""T-RP-13"", ""before"": ""IMPLEMENTATION"", ""condition"": ""always"", ""status"": ""NEEDS_EXACT_SCOPE_OR_MATERIAL"", ""scopeNote"": ""Evaluate condition only in listed sub-scope; never globalize conditional gates""}]",[],"[{""ref"": ""S05-OI-04"", ""before"": ""RELEASE"", ""condition"": ""always""}, {""ref"": ""S05-OI-05"", ""before"": ""RELEASE"", ""condition"": ""always""}]"
RP19-T04,32confirmed+candidate总体处置对账,IN_PROGRESS,ENV_BLOCKED,FINAL_RECONCILIATION_PENDING_PLAN_ACCEPTANCE,[],[],[],[]
