caseId,originalResult,originalDefinition,originalTaskRefs,runRef,actualCaseRows,assertionAnalysis,preparationDisposition,proposedScopeOnly,requiredRemainingEvidence,originalMatrixWrites,dynamicStatus
AC-B04-02,NOT_RUN,按批准范围及适用条件验收（D-S01-05）；继承目标候选：Revoking one entity permission in a still-visible project removes its cached rows and prevents future pulls.。若裁定采用另一方案，补充具体断言和风险处置；不能沿用候选断言自动记PASS。,RP08-T01,"{""pathBase"": ""REPOSITORY"", ""path"": ""docs/remediation/2026-10-01-rdpms/execution/RP08/RP08-T01/runs/2026-10-03-codebuddy-lr3-validation/acceptance.json"", ""sha256"": ""713783c48bd737dc7cf322edd4c79483c9d71c02c977fe9cfe03a26e9b044e69""}","[{""id"": ""AC-B04-02"", ""definition"": ""Revoking one entity permission in a still-visible project removes its cached rows and prevents future pulls."", ""status"": ""NOT_RUN"", ""reason"": ""client cache eviction / historical backfill remains RP08-T02 joint work (T-RP-04 / T-RP-12 unapproved); this round proves response-level gating only; frontend IndexedDB not run""}]",Server permission rejection/ACL response is not real cached-row eviction. Need RP08-T02/real IDB owner and T-RP-04/T-RP-12.,PARTIAL_SERVER_SCOPE_ONLY,RP08-T02,T-RP-04/T-RP-12; real non-empty owner IDB/cache revocation/backfill required,NONE,NOT_RUN_BY_THIS_RUN
AC-B11-02,NOT_RUN,Scan policy for FAILED and SKIPPED states is explicit and does not imply a scan passed.,RP14-T01,"{""pathBase"": ""REPOSITORY"", ""path"": ""docs/remediation/2026-10-01-rdpms/execution/RP14/RP14-T01/runs/2026-10-02-followup-validation/acceptance.json"", ""sha256"": ""875ada8f92beb35485ee78110f2566cb0d27edeb6667e4d8378e68c54035132f""}","[{""id"": ""AC-B11-02"", ""status"": ""NOT_RUN"", ""evidence"": ""../final-regression-2026-10-02/RP14/rp14-infected-file-read/attempt-01/integration-suite.log"", ""scope"": ""FAILED/SKIPPED策略仍等待T-RP-05决定""}]",FAILED/SKIPPED policy case remains NOT_RUN pending T-RP-05; CLEAN/INFECTED bytes are separate.,CONTRACT_PENDING,RP14-T02,T-RP-05 must define FAILED/SKIPPED; infected/CLEAN byte-read evidence cannot substitute,NONE,NOT_RUN_BY_THIS_RUN
AC-B19-01,ENV_BLOCKED,Sync and online paths reject parent links across projects.,RP05-T01,"{""pathBase"": ""REPOSITORY"", ""path"": ""docs/remediation/2026-10-01-rdpms/execution/RP05/RP05-T01/runs/2026-10-02-continuous-rework/acceptance.json"", ""sha256"": ""3414c1f7e0353242d96741898be07b536c3b3198414f9333ffe48530808b2cf4""}","[{""id"": ""AC-B19-01"", ""status"": ""PASS"", ""evidence"": [""evidence/attempt-01/integration-suite.log""], ""scope"": ""在线任务create/update及sync push拒绝跨项目parent；合法同项目parent仍成功。""}]",Run explicitly covers online create/update and sync cross-project parent with authorized same-project success. Verify exact route/log/DB row before future matrix synchronization.,LOCAL_RUN_EVIDENCE_AVAILABLE,RP05-T01 scope reconciliation,"Check HTTP/sync successful fixture, exact current source and assertions; no automatic broader JWT/target PASS",NONE,NOT_RUN_BY_THIS_RUN
AC-B19-02,NOT_RUN,All cycle lengths are rejected while valid same-project trees remain writable.,RP05-T01,"{""pathBase"": ""REPOSITORY"", ""path"": ""docs/remediation/2026-10-01-rdpms/execution/RP05/RP05-T01/runs/2026-10-02-continuous-rework/acceptance.json"", ""sha256"": ""3414c1f7e0353242d96741898be07b536c3b3198414f9333ffe48530808b2cf4""}",[],"All cycle lengths is optional DAG scope, not established by same-project guard. D-S01-08 plus explicit RP05-T03 activation required.",OPTIONAL_SCOPE_NOT_APPROVED,optional RP05-T03,D-S01-08 and explicit DAG activation; do not count as required implementation by default,NONE,NOT_RUN_BY_THIS_RUN
AC-B19-03,ENV_BLOCKED,Recursive operations carry projectId and cannot cross project scope.,RP05-T01,"{""pathBase"": ""REPOSITORY"", ""path"": ""docs/remediation/2026-10-01-rdpms/execution/RP05/RP05-T01/runs/2026-10-02-continuous-rework/acceptance.json"", ""sha256"": ""3414c1f7e0353242d96741898be07b536c3b3198414f9333ffe48530808b2cf4""}","[{""id"": ""AC-B19-03"", ""status"": ""PASS"", ""evidence"": [""evidence/attempt-01/integration-suite.log""], ""scope"": ""有tasks.delete权限时，跨项目子任务仍使项目数组替换返回CROSS_PROJECT_CHILD_EXISTS；父子真实行均保留。""}]","External-child containment is observed; original recursive projectId requirement needs path-by-path comparison, not wholesale PASS from a single fixture.",PARTIAL_ASSERTION_MATCH,RP05-T01 / RP05-T02 exact scope review,Recursive operation projectId contract broader than single external-child guard; enumerate covered paths before deciding residual scope,NONE,NOT_RUN_BY_THIS_RUN
AC-B19-04,NOT_RUN,Legacy anomalous edges are reconciled only under an approved data plan.,RP05-T01,"{""pathBase"": ""REPOSITORY"", ""path"": ""docs/remediation/2026-10-01-rdpms/execution/RP05/RP05-T01/runs/2026-10-02-continuous-rework/acceptance.json"", ""sha256"": ""3414c1f7e0353242d96741898be07b536c3b3198414f9333ffe48530808b2cf4""}",[],No real legacy-anomaly inventory. Data owner snapshot/report S04-OI-01 and D-S01-08 disposition needed; no cleanup now.,DATA_INPUT_REQUIRED,RP15 data-owner path,S04-OI-01 authorized schema and aggregated anomaly evidence; no cleanup now,NONE,NOT_RUN_BY_THIS_RUN
PAC-RP04-01,ENV_BLOCKED,合法状态转换和默认 startDate 模板日期正确；非法状态仍拒绝。,RP04-T01,"{""pathBase"": ""REPOSITORY"", ""path"": ""docs/remediation/2026-10-01-rdpms/execution/RP04/RP04-T01/runs/2026-10-02-followup-validation/acceptance.json"", ""sha256"": ""63a81366da18b876baa33ad255adf40722dba20744ba675b1ac5aebc33a8e962""}","[{""id"": ""AC-B03-01"", ""status"": ""PASS"", ""evidence"": ""../final-regression-2026-10-02/RP04/rp04-project-snapshot-active/attempt-01/integration-suite.log"", ""scope"": ""合法/非法状态边及同状态编辑实际API/DB断言""}, {""id"": ""AC-B03-02"", ""status"": ""PASS"", ""evidence"": ""../final-regression-2026-10-02/RP04/rp04-project-snapshot-active/attempt-01/integration-suite.log"", ""scope"": ""模板默认日期基于选中项目日期""}, {""id"": ""AC-B03-03"", ""status"": ""PASS"", ""evidence"": ""../final-regression-2026-10-02/RP04/rp04-project-snapshot-active/attempt-01/integration-suite.log"", ""scope"": ""批量状态转换实际验证""}]","Local legal/illegal transition, template startDate and batch assertions available. Package row still original result; preserve JWT/target limits.",LOCAL_RUN_EVIDENCE_AVAILABLE,RP04-T01 local evidence review,Map exact legal/illegal transition and default startDate assertions; preserve target/JWT limits,NONE,NOT_RUN_BY_THIS_RUN
PAC-RP04-02,ENV_BLOCKED,在各子表写入故障点验证无半项目；相同幂等键重试不重复。,RP04-T02,"{""pathBase"": ""REPOSITORY"", ""path"": ""docs/remediation/2026-10-01-rdpms/execution/RP04/RP04-T02/runs/2026-10-03-codebuddy-b18-rework/acceptance.json"", ""sha256"": ""0a7b7c2abe2cdd7fee9dda7edede6113b17f9a64b387ac9839bf3048a5833a5a""}","[{""id"": ""AC-B18-01"", ""definition"": ""Fault at each child write leaves no partial project aggregate"", ""status"": ""PASS"", ""evidence"": [""evidence/attempt-02/integration-suite.log""], ""notes"": ""既有故障注入用例保留并通过；本轮另核对非法顶层输入也不产生半聚合""}, {""id"": ""AC-B18-02"", ""definition"": ""Retry with same idempotency key does not duplicate project or children"", ""status"": ""PASS"", ""evidence"": [""evidence/attempt-02/integration-suite.log""]}]",Aggregate child fault and same-key retry local PASS; RP09-T01 acceptance dependency/PC03 joint remain open.,LOCAL_PASS_JOINT_OPEN,RP04-T02 / RP09-T01 joint acceptance,Reuse aggregate/no duplicate local cases; RP09 acceptance dependency/PC03 still open,NONE,NOT_RUN_BY_THIS_RUN
PAC-RP04-03,ENV_BLOCKED,软删项目在普通 list/count/search/stats 均不出现，详情与专用回收策略一致。,RP04-T01,"{""pathBase"": ""REPOSITORY"", ""path"": ""docs/remediation/2026-10-01-rdpms/execution/RP04/RP04-T01/runs/2026-10-02-followup-validation/acceptance.json"", ""sha256"": ""63a81366da18b876baa33ad255adf40722dba20744ba675b1ac5aebc33a8e962""}","[{""id"": ""AC-B20-01"", ""status"": ""PASS"", ""evidence"": ""../final-regression-2026-10-02/RP04/rp04-project-snapshot-active/attempt-01/integration-suite.log"", ""scope"": ""活跃项目list/count/stats排除软删行""}, {""id"": ""AC-B20-02"", ""status"": ""PASS"", ""evidence"": ""../final-regression-2026-10-02/RP04/rp04-project-snapshot-active/attempt-01/integration-suite.log"", ""scope"": ""软删详情404""}, {""id"": ""AC-B20-03"", ""status"": ""PASS"", ""evidence"": ""../final-regression-2026-10-02/RP04/rp04-project-snapshot-active/attempt-01/integration-suite.log"", ""scope"": ""类型/状态统计排除软删行""}]",Project list/count/stats/detail evidence available. Explicit search/recycle assertions must match definition; phase-resource filter is separate CONTRACT_UNRESOLVED.,LOCAL_RUN_EVIDENCE_AVAILABLE,RP04-T01 project-level scope,"Project list/count/stats/detail assertions; stage-resource policy separate and unresolved, no expanded stage fix",NONE,NOT_RUN_BY_THIS_RUN
PAC-RP04-04,ENV_BLOCKED,子表/sequence/audit/receipt故障注入实际无半聚合，编号/ID及事件记录合同可核对。,RP04-T02,"{""pathBase"": ""REPOSITORY"", ""path"": ""docs/remediation/2026-10-01-rdpms/execution/RP04/RP04-T02/runs/2026-10-03-codebuddy-b18-rework/acceptance.json"", ""sha256"": ""0a7b7c2abe2cdd7fee9dda7edede6113b17f9a64b387ac9839bf3048a5833a5a""}","[{""id"": ""AC-B18-01"", ""definition"": ""Fault at each child write leaves no partial project aggregate"", ""status"": ""PASS"", ""evidence"": [""evidence/attempt-02/integration-suite.log""], ""notes"": ""既有故障注入用例保留并通过；本轮另核对非法顶层输入也不产生半聚合""}, {""id"": ""AC-B18-03"", ""definition"": ""Audit/recovery outcome is observable when audit cannot share the transaction"", ""status"": ""PASS"", ""evidence"": [""evidence/attempt-02/integration-suite.log""], ""notes"": ""既有审计故障注入用例通过；拒绝路径不写审计""}]",Local child/sequence/audit/receipt failure evidence exists; exact numbering/event effects and RP09 joint acceptance still separately required.,LOCAL_PASS_JOINT_OPEN,RP04-T02 / RP09-T01 joint acceptance,Confirm exact sequence/child/audit/receipt fault evidence and retained ids; PC03 joint not complete,NONE,NOT_RUN_BY_THIS_RUN
PAC-RP05-01,ENV_BLOCKED,无 tasks.delete 主体 tasks:[] 不删除任务；原ID/附件/关联保留。,RP05-T01,"{""pathBase"": ""REPOSITORY"", ""path"": ""docs/remediation/2026-10-01-rdpms/execution/RP05/RP05-T01/runs/2026-10-02-continuous-rework/acceptance.json"", ""sha256"": ""3414c1f7e0353242d96741898be07b536c3b3198414f9333ffe48530808b2cf4""}","[{""id"": ""PAC-RP05-01"", ""status"": ""PASS"", ""evidence"": [""evidence/attempt-01/integration-suite.log""], ""scope"": ""物理移除权限拒绝与持久任务行检查通过。""}]",Reachable legal fixture plus no-delete permission preserves task rows. Exact attachment/link assertion matching remains required; no tasks:[]-only unreachable fixture.,LOCAL_RUN_EVIDENCE_AVAILABLE,RP05-T01 scope reconciliation,Verify legal reachable fixture first; match original ID/attachment/link preservation scope,NONE,NOT_RUN_BY_THIS_RUN
PAC-RP05-02,ENV_BLOCKED,sync/HTTP及嵌套入口跨项目 parent 均拒绝且无副作用。,RP05-T01,"{""pathBase"": ""REPOSITORY"", ""path"": ""docs/remediation/2026-10-01-rdpms/execution/RP05/RP05-T01/runs/2026-10-02-continuous-rework/acceptance.json"", ""sha256"": ""3414c1f7e0353242d96741898be07b536c3b3198414f9333ffe48530808b2cf4""}","[{""id"": ""AC-B19-01"", ""status"": ""PASS"", ""evidence"": [""evidence/attempt-01/integration-suite.log""], ""scope"": ""在线任务create/update及sync push拒绝跨项目parent；合法同项目parent仍成功。""}, {""id"": ""PAC-RP05-02"", ""status"": ""PASS"", ""evidence"": [""evidence/attempt-01/integration-suite.log""], ""scope"": ""在线及同步same/cross-project parent paths实际HTTP/DB断言通过。""}]",HTTP/sync guards observed; enumerate nested array path assertions separately against definition.,LOCAL_RUN_EVIDENCE_AVAILABLE,RP05-T01 scope reconciliation,Map HTTP/sync/nested cases individually; no new code justified merely by stale ledger result,NONE,NOT_RUN_BY_THIS_RUN
PAC-RP05-03,ENV_BLOCKED,异常跨项目边存在时，A项目编辑不级联删除 B任务。,RP05-T01,"{""pathBase"": ""REPOSITORY"", ""path"": ""docs/remediation/2026-10-01-rdpms/execution/RP05/RP05-T01/runs/2026-10-02-continuous-rework/acceptance.json"", ""sha256"": ""3414c1f7e0353242d96741898be07b536c3b3198414f9333ffe48530808b2cf4""}","[{""id"": ""AC-B19-03"", ""status"": ""PASS"", ""evidence"": [""evidence/attempt-01/integration-suite.log""], ""scope"": ""有tasks.delete权限时，跨项目子任务仍使项目数组替换返回CROSS_PROJECT_CHILD_EXISTS；父子真实行均保留。""}, {""id"": ""PAC-RP05-03"", ""status"": ""PASS"", ""evidence"": [""evidence/attempt-01/integration-suite.log""], ""scope"": ""跨项目FK cascade containment negative真实运行通过。""}]",Actual A edit cannot cascade-delete external B child; before/after parent/child evidence exists. No broad DAG conclusion.,LOCAL_RUN_EVIDENCE_AVAILABLE,RP05-T01 scope reconciliation,Inspect exact A/B parent-child before/after and source binding; do not rerun all historical tests,NONE,NOT_RUN_BY_THIS_RUN
