caseId,scenario,initiatingContext,successPrecondition,deterministicSequence,networkAndDurableAssertions,pendingFields,evidenceLayerRequired,status,dynamicStatus
ID-SUCCESS-same-generation,Old refresh success,A/g1 captured at request start,Synthetic actual A and B login/access plus non-empty authorized operation; capture A actor/gen/token and owned storage before barrier.,Hold refresh result after token-consumption barrier; Keep A/g1 active; release success; record token/store/actor.,Only approved same owner/generation may accept result; newer A/B/logout stores untouched; no B request with A token; server lineage outcome recorded.,T-RP-09 generation/family/cleanup selection,REAL_JWT_PG_AND_OWNED_BROWSER_TABS; mock layer recorded separately,SPECIFICATION_ONLY,NOT_RUN
ID-FAILURE-same-generation,Old refresh failure,A/g1 captured at request start,Synthetic actual A and B login/access plus non-empty authorized operation; capture A actor/gen/token and owned storage before barrier.,Hold error response before client cleanup; Keep A/g1 active; release failure; reopen/read store.,Cleanup compares initiating lineage; stale failure cannot clear A/g2 or B/gB. Logout cannot be undone. Exact access/refresh/owner keys checked.,T-RP-09 generation/family/cleanup selection,REAL_JWT_PG_AND_OWNED_BROWSER_TABS; mock layer recorded separately,SPECIFICATION_ONLY,NOT_RUN
ID-REPLAY-same-generation,Original protected request retry,Original command belongs to A/g1 with immutable request/key/hash,Synthetic actual A and B login/access plus non-empty authorized operation; capture A actor/gen/token and owned storage before barrier.,Hold A request auth-expiry response; Keep A/g1 active; release and attempt approved refresh/retry.,A original request is never sent with B credential. If lineage changes cancel/hold it; allowed same-owner replay reuses immutable command and applies once.,T-RP-09 generation/family/cleanup selection,REAL_JWT_PG_AND_OWNED_BROWSER_TABS; mock layer recorded separately,SPECIFICATION_ONLY,NOT_RUN
ID-SUCCESS-newer-generation,Old refresh success,A/g1 captured at request start,Synthetic actual A and B login/access plus non-empty authorized operation; capture A actor/gen/token and owned storage before barrier.,Hold refresh result after token-consumption barrier; Advance A to g2 before release; release success; record token/store/actor.,Only approved same owner/generation may accept result; newer A/B/logout stores untouched; no B request with A token; server lineage outcome recorded.,T-RP-09 generation/family/cleanup selection,REAL_JWT_PG_AND_OWNED_BROWSER_TABS; mock layer recorded separately,SPECIFICATION_ONLY,NOT_RUN
ID-FAILURE-newer-generation,Old refresh failure,A/g1 captured at request start,Synthetic actual A and B login/access plus non-empty authorized operation; capture A actor/gen/token and owned storage before barrier.,Hold error response before client cleanup; Advance A to g2 before release; release failure; reopen/read store.,Cleanup compares initiating lineage; stale failure cannot clear A/g2 or B/gB. Logout cannot be undone. Exact access/refresh/owner keys checked.,T-RP-09 generation/family/cleanup selection,REAL_JWT_PG_AND_OWNED_BROWSER_TABS; mock layer recorded separately,SPECIFICATION_ONLY,NOT_RUN
ID-REPLAY-newer-generation,Original protected request retry,Original command belongs to A/g1 with immutable request/key/hash,Synthetic actual A and B login/access plus non-empty authorized operation; capture A actor/gen/token and owned storage before barrier.,Hold A request auth-expiry response; Advance A to g2 before release; release and attempt approved refresh/retry.,A original request is never sent with B credential. If lineage changes cancel/hold it; allowed same-owner replay reuses immutable command and applies once.,T-RP-09 generation/family/cleanup selection,REAL_JWT_PG_AND_OWNED_BROWSER_TABS; mock layer recorded separately,SPECIFICATION_ONLY,NOT_RUN
ID-SUCCESS-A-to-B,Old refresh success,A/g1 captured at request start,Synthetic actual A and B login/access plus non-empty authorized operation; capture A actor/gen/token and owned storage before barrier.,Hold refresh result after token-consumption barrier; Complete B/gB login before release; release success; record token/store/actor.,Only approved same owner/generation may accept result; newer A/B/logout stores untouched; no B request with A token; server lineage outcome recorded.,T-RP-09 generation/family/cleanup selection,REAL_JWT_PG_AND_OWNED_BROWSER_TABS; mock layer recorded separately,SPECIFICATION_ONLY,NOT_RUN
ID-FAILURE-A-to-B,Old refresh failure,A/g1 captured at request start,Synthetic actual A and B login/access plus non-empty authorized operation; capture A actor/gen/token and owned storage before barrier.,Hold error response before client cleanup; Complete B/gB login before release; release failure; reopen/read store.,Cleanup compares initiating lineage; stale failure cannot clear A/g2 or B/gB. Logout cannot be undone. Exact access/refresh/owner keys checked.,T-RP-09 generation/family/cleanup selection,REAL_JWT_PG_AND_OWNED_BROWSER_TABS; mock layer recorded separately,SPECIFICATION_ONLY,NOT_RUN
ID-REPLAY-A-to-B,Original protected request retry,Original command belongs to A/g1 with immutable request/key/hash,Synthetic actual A and B login/access plus non-empty authorized operation; capture A actor/gen/token and owned storage before barrier.,Hold A request auth-expiry response; Complete B/gB login before release; release and attempt approved refresh/retry.,A original request is never sent with B credential. If lineage changes cancel/hold it; allowed same-owner replay reuses immutable command and applies once.,T-RP-09 generation/family/cleanup selection,REAL_JWT_PG_AND_OWNED_BROWSER_TABS; mock layer recorded separately,SPECIFICATION_ONLY,NOT_RUN
ID-SUCCESS-logout,Old refresh success,A/g1 captured at request start,Synthetic actual A and B login/access plus non-empty authorized operation; capture A actor/gen/token and owned storage before barrier.,Hold refresh result after token-consumption barrier; Logout before release; release success; record token/store/actor.,Only approved same owner/generation may accept result; newer A/B/logout stores untouched; no B request with A token; server lineage outcome recorded.,T-RP-09 generation/family/cleanup selection,REAL_JWT_PG_AND_OWNED_BROWSER_TABS; mock layer recorded separately,SPECIFICATION_ONLY,NOT_RUN
ID-FAILURE-logout,Old refresh failure,A/g1 captured at request start,Synthetic actual A and B login/access plus non-empty authorized operation; capture A actor/gen/token and owned storage before barrier.,Hold error response before client cleanup; Logout before release; release failure; reopen/read store.,Cleanup compares initiating lineage; stale failure cannot clear A/g2 or B/gB. Logout cannot be undone. Exact access/refresh/owner keys checked.,T-RP-09 generation/family/cleanup selection,REAL_JWT_PG_AND_OWNED_BROWSER_TABS; mock layer recorded separately,SPECIFICATION_ONLY,NOT_RUN
ID-REPLAY-logout,Original protected request retry,Original command belongs to A/g1 with immutable request/key/hash,Synthetic actual A and B login/access plus non-empty authorized operation; capture A actor/gen/token and owned storage before barrier.,Hold A request auth-expiry response; Logout before release; release and attempt approved refresh/retry.,A original request is never sent with B credential. If lineage changes cancel/hold it; allowed same-owner replay reuses immutable command and applies once.,T-RP-09 generation/family/cleanup selection,REAL_JWT_PG_AND_OWNED_BROWSER_TABS; mock layer recorded separately,SPECIFICATION_ONLY,NOT_RUN
ID-ME-SWITCH,Slow /me A to B,A/g1 and exact request actor captured,Synthetic actual A and B login/access plus non-empty authorized operation; capture A actor/gen/token and owned storage before barrier.,Hold A /me response; complete B login/non-empty request; release A response.,B profile/permissions remain; no A profile written into B cache; request actor snapshots observed.,T-RP-09 auth-state generation and profile ownership,REAL_JWT_PG_AND_OWNED_BROWSER_TABS; mock layer recorded separately,SPECIFICATION_ONLY,NOT_RUN
ID-ME-LOGOUT,Slow /me after logout,A/g1 and exact request actor captured,Synthetic actual A and B login/access plus non-empty authorized operation; capture A actor/gen/token and owned storage before barrier.,Hold A /me; logout; release A response.,No re-login from late /me; auth/cache remain logged out; A unsent payload remains recoverable.,T-RP-09/T-RP-12,REAL_JWT_PG_AND_OWNED_BROWSER_TABS; mock layer recorded separately,SPECIFICATION_ONLY,NOT_RUN
ID-OFFLINE,Offline then newer login,A/g1 and exact request actor captured,Synthetic actual A and B login/access plus non-empty authorized operation; capture A actor/gen/token and owned storage before barrier.,Hold/delay A network failure; offline A; establish B on reconnect; deliver old failure.,No token cleared merely for network failure; old A retry never becomes B; A outbox preserved.,T-RP-09/T-RP-12,REAL_JWT_PG_AND_OWNED_BROWSER_TABS; mock layer recorded separately,SPECIFICATION_ONLY,NOT_RUN
ID-401,Auth expiry 401,A/g1 and exact request actor captured,Synthetic actual A and B login/access plus non-empty authorized operation; capture A actor/gen/token and owned storage before barrier.,Send actual expired access with valid originating refresh; observe one approved refresh/retry.,Credential expiry handled once within original lineage; terminal failure never clears newer token.,T-RP-09 replay/cleanup window,REAL_JWT_PG_AND_OWNED_BROWSER_TABS; mock layer recorded separately,SPECIFICATION_ONLY,NOT_RUN
ID-403,Current permission denial 403,A/g1 and exact request actor captured,Synthetic actual A and B login/access plus non-empty authorized operation; capture A actor/gen/token and owned storage before barrier.,Use valid token but remove target permission; request real existing resource.,No refresh loop; resource remains denied; no mutation or receipt/DB side effect.,"Current permission contract, no new policy",REAL_JWT_PG_AND_OWNED_BROWSER_TABS; mock layer recorded separately,SPECIFICATION_ONLY,NOT_RUN
ID-REVOKE,Disable/downgrade/password reset,A/g1 and exact request actor captured,Synthetic actual A and B login/access plus non-empty authorized operation; capture A actor/gen/token and owned storage before barrier.,Hold authorized original A request or refresh; apply synthetic approved revocation event; release.,Exactly signed event invalidation time and all auth entrypoints; DB version/refresh/audit atomic; no silent activation.,D-S01-04 event-by-event time bound and T-RP-09,REAL_JWT_PG_AND_OWNED_BROWSER_TABS; mock layer recorded separately,SPECIFICATION_ONLY,NOT_RUN
ID-TABS,Two tabs same refresh family,A/g1 and exact request actor captured,Synthetic actual A and B login/access plus non-empty authorized operation; capture A actor/gen/token and owned storage before barrier.,Two owned tabs capture same token; barrier immediately before real conditional token consume; release both in controlled order.,Strict single-use or approved bounded replay outcome only; no double successor outside approved window; failure cannot erase valid successor.,T-RP-09 choose CAS/family/window/failure behavior; no implicit dual-success,REAL_JWT_PG_AND_OWNED_BROWSER_TABS; mock layer recorded separately,SPECIFICATION_ONLY,NOT_RUN
ID-TABS-SWITCH,Two tabs with account switch,A/g1 and exact request actor captured,Synthetic actual A and B login/access plus non-empty authorized operation; capture A actor/gen/token and owned storage before barrier.,Tab1 holds A refresh success/failure; tab2 logs into B with approved cross-tab notification; release tab1.,Both tab states obey chosen generation ownership; late A response never mutates or authenticates B request.,T-RP-09 tab coordination/storage/fallback capability,REAL_JWT_PG_AND_OWNED_BROWSER_TABS; mock layer recorded separately,SPECIFICATION_ONLY,NOT_RUN
