caseId,scenario,ownerProof,sourceLastCopy,destination,faultBoundary,durableAndReopenAssertions,recoveryCondition,pendingChoice,evidenceLayerRequired,status,dynamicStatus
LC01,Reliable owner account switch,A owner proven by approved persisted namespace/identity,A outbox exact key/hash/payload,A-owned recoverable destination,Abort move before destination commits,A source remains; B never reads/sends it; no inference from payload,"After A reauth, current permission recheck before view/export/retry",T-RP-01/T-RP-09/T-RP-12 storage/migration schema,REAL_OWNED_IDB_BROWSER_TRANSACTION_AND_REOPEN; no mock substitute,SPECIFICATION_ONLY,NOT_RUN
LC02,Unknown owner legacy row,"OWNER_UNKNOWN, never assigned to current A/B",Legacy row exact bytes/key,Unassigned quarantine/recoverable namespace as selected,First login/upgrade without provable owner,Original bytes kept; no automatic send or current-user disclosure,Only approved attributable ownership recovery; if unknown preserve and expose only signed governance path,T-RP-01 unknown-owner isolation/access/retention/operator fields OPEN_INPUT,REAL_OWNED_IDB_BROWSER_TRANSACTION_AND_REOPEN; no mock substitute,SPECIFICATION_ONLY,NOT_RUN
LC03,Upgrade blocked,Proven A or explicitly unknown,Old-version source DB row,Approved versioned namespace,Other tab holds DB connection at versionchange,No clearAll or source deletion; blocked upgrade surfaced and retryable,Close owned tab connection via approved flow; reopen original/new DB and compare bytes,T-RP-01/T-RP-09 multi-tab coordination,REAL_OWNED_IDB_BROWSER_TRANSACTION_AND_REOPEN; no mock substitute,SPECIFICATION_ONLY,NOT_RUN
LC04,Versionchange page closes,Original owner captured before upgrade,Old DB row,Approved upgraded namespace,Close page before destination tx commit,Either complete tx or original copy remains; no half-owned row,Reopen and compare exact key/hash/body/owner plus migration marker,T-RP-01 migration atomicity/marker,REAL_OWNED_IDB_BROWSER_TRANSACTION_AND_REOPEN; no mock substitute,SPECIFICATION_ONLY,NOT_RUN
LC05,Transaction abort moving rejection/conflict,Authenticated A matches persisted owner,A outbox,A conflict/deadLetter destination,Abort transaction after destination put before source delete commit,Source or destination complete copy persists; no interval with neither,Reopen and inspect both stores; same command key survives,T-RP-12 selected last-copy transaction scope,REAL_OWNED_IDB_BROWSER_TRANSACTION_AND_REOPEN; no mock substitute,SPECIFICATION_ONLY,NOT_RUN
LC06,Quota exhaustion,Proven owner A,Payload in original store before enqueue/move,Approved recoverable store or explicitly retained source,QuotaError on destination write,No deletion/overwrite of last copy; terminal status not fabricated,Owner can retrieve original bytes through signed recovery/export flow,T-RP-11 size budgets and T-RP-12 user recovery,REAL_OWNED_IDB_BROWSER_TRANSACTION_AND_REOPEN; no mock substitute,SPECIFICATION_ONLY,NOT_RUN
LC07,Page closes during conflict apply,Proven owner A,Original command/conflict body,Conflict result or immutable next command only after selected action,Close between result processing and final persistence,Atomic preserved conflict before outbox removal; old/new command keys distinct,Reopen conflict and current server revision; reauthorize before resolving,T-RP-12 conflict choice; T-RP-02 immutable replay,REAL_OWNED_IDB_BROWSER_TRANSACTION_AND_REOPEN; no mock substitute,SPECIFICATION_ONLY,NOT_RUN
LC08,Permission revoked with unsent data,"Proven owner A, current write denied",A unsent payload,Held A recoverable payload; mirror purge separate,Revoke capability then refresh ACL/page,No unauthorized send; cached server rows removed per approved scope; original unsent bytes retained,View/export/abandon only under chosen current authorization policy,T-RP-04/T-RP-12 revoked-owner access/export fields,REAL_OWNED_IDB_BROWSER_TRANSACTION_AND_REOPEN; no mock substitute,SPECIFICATION_ONLY,NOT_RUN
LC09,Logout with unsynced payload,"Proven A origin, no active actor after logout",A outbox,A recoverable namespace,Close/abort during logout move/cache cleanup,No source removal before last-copy durable commit; logout cannot disclose A to next B,A reauth and current capability check; explicit recovery UI choices,T-RP-12 logout preservation,REAL_OWNED_IDB_BROWSER_TRANSACTION_AND_REOPEN; no mock substitute,SPECIFICATION_ONLY,NOT_RUN
LC10,User exports then explicitly abandons,Current actor matches owner and export is approved,Last recoverable payload,Owned exported exact byte copy or retained source,Export fails or page closes before confirmed download,Do not mark export completed/delete source on failed export; abandon only exact selected row after confirmation,Inspect exported key/hash/body and source deletion/audit contract,T-RP-12 export confirmation/abandon/audit fields,REAL_OWNED_IDB_BROWSER_TRANSACTION_AND_REOPEN; no mock substitute,SPECIFICATION_ONLY,NOT_RUN
LC11,Unknown/expired receipt,Original A/device/key/hash retained,A immutable outbox command,Held recovery record until approved outcome lookup,Server retention expired or unknown lookup,No silent re-key/replay; retain local original copy and status,Signed unknown/expired user workflow and current authorization,T-RP-02 retention/offline; T-RP-12 recovery,REAL_OWNED_IDB_BROWSER_TRANSACTION_AND_REOPEN; no mock substitute,SPECIFICATION_ONLY,NOT_RUN
LC12,Oversize/quarantine,Proven owner or UNKNOWN explicitly preserved,Unsent payload before send,Signed held/deadLetter/quarantine mechanism,Enqueue/send cap or classification rejection,No destructive auto-drop/truncation; max bytes not invented,Explicit owner/governance review/export/abandon policy,T-RP-11 exact sizes and T-RP-12 mechanism choice,REAL_OWNED_IDB_BROWSER_TRANSACTION_AND_REOPEN; no mock substitute,SPECIFICATION_ONLY,NOT_RUN
