taskId,packageId,implementation,validation,implementationDependencies,unmetImplementationDependencies_current,implementationGates_before_IMPLEMENTATION,acceptanceDependencies_validation_only,readinessAndNextCondition
RP00-T01,RP00,COMPLETE,ENV_BLOCKED,,,[],,LOCAL_IMPLEMENTATION_DELIVERED; inspect scoped canonical evidence; target/joint/release remain separate.
RP00-T02,RP00,COMPLETE,PASS,RP00-T01,,[],,LOCAL_IMPLEMENTATION_DELIVERED; inspect scoped canonical evidence; target/joint/release remain separate.
RP00-T03,RP00,COMPLETE,NOT_RUN,RP00-T01,,[],,LOCAL_IMPLEMENTATION_DELIVERED; inspect scoped canonical evidence; target/joint/release remain separate.
RP00-T04,RP00,COMPLETE,NOT_RUN,RP00-T01,,[],,LOCAL_IMPLEMENTATION_DELIVERED; inspect scoped canonical evidence; target/joint/release remain separate.
RP00-T05,RP00,COMPLETE,NOT_RUN,RP00-T01,,[],,LOCAL_IMPLEMENTATION_DELIVERED; inspect scoped canonical evidence; target/joint/release remain separate.
RP01-T01,RP01,COMPLETE,PASS,RP00-T01,,[],,LOCAL_IMPLEMENTATION_DELIVERED; inspect scoped canonical evidence; target/joint/release remain separate.
RP01-T02,RP01,COMPLETE,PASS,RP00-T01,,"[{""ref"":""D-S01-01"",""before"":""IMPLEMENTATION"",""condition"":""always""},{""ref"":""D-S01-02"",""before"":""IMPLEMENTATION"",""condition"":""only forced-password-change/business allowlist sub-scope; rank/reset protection uses D-S01-01 independently""}]",,LOCAL_IMPLEMENTATION_DELIVERED; inspect scoped canonical evidence; target/joint/release remain separate.
RP01-T03,RP01,NOT_STARTED,NOT_RUN,RP01-T01,,"[{""ref"":""D-S01-03"",""before"":""IMPLEMENTATION"",""condition"":""always""}]",,OPTIONAL inactive custom-role binding extension; current standard seed role protection complete. Do not expand scope from blanket local repair authorization.
RP02-T01,RP02,COMPLETE,PASS,RP00-T01,,[],,LOCAL_IMPLEMENTATION_DELIVERED; inspect scoped canonical evidence; target/joint/release remain separate.
RP02-T02,RP02,COMPLETE,PASS,RP00-T04,,"[{""ref"":""T-RP-09"",""before"":""IMPLEMENTATION"",""condition"":""always""}]",RP03-T01,LOCAL_IMPLEMENTATION_DELIVERED; inspect scoped canonical evidence; target/joint/release remain separate.
RP03-T01,RP03,COMPLETE,PASS,RP00-T04,,"[{""ref"":""T-RP-09"",""before"":""IMPLEMENTATION"",""condition"":""always""}]",,LOCAL_IMPLEMENTATION_DELIVERED; inspect scoped canonical evidence; target/joint/release remain separate.
RP03-T02,RP03,COMPLETE,PASS,RP00-T01,,"[{""ref"":""D-S01-04"",""before"":""IMPLEMENTATION"",""condition"":""always""},{""ref"":""T-RP-09"",""before"":""IMPLEMENTATION"",""condition"":""always""},{""ref"":""S03-OI-06"",""before"":""IMPLEMENTATION"",""condition"":""same D-S01-04 approval; no second approval required""}]",RP02-T02,LOCAL_IMPLEMENTATION_DELIVERED; inspect scoped canonical evidence; target/joint/release remain separate.
RP04-T01,RP04,COMPLETE,PASS,RP00-T01,,[],,LOCAL_IMPLEMENTATION_DELIVERED; inspect scoped canonical evidence; target/joint/release remain separate.
RP04-T02,RP04,COMPLETE,PASS,RP00-T01,,[],RP09-T01,LOCAL_IMPLEMENTATION_DELIVERED; inspect scoped canonical evidence; target/joint/release remain separate.
RP05-T01,RP05,COMPLETE,PASS,RP00-T01,,[],,LOCAL_IMPLEMENTATION_DELIVERED; inspect scoped canonical evidence; target/joint/release remain separate.
RP05-T02,RP05,COMPLETE,PASS,RP05-T01,,"[{""ref"":""D-S01-08"",""before"":""IMPLEMENTATION"",""condition"":""always""},{""ref"":""T-RP-07"",""before"":""IMPLEMENTATION"",""condition"":""always""},{""ref"":""S03-OI-05"",""before"":""IMPLEMENTATION"",""condition"":""only if stale/delete command adapter is changed; no gate on unrelated task fields or report snapshot""}]",,LOCAL_IMPLEMENTATION_DELIVERED; inspect scoped canonical evidence; target/joint/release remain separate.
RP05-T03,RP05,NOT_STARTED,NOT_RUN,RP05-T02,,"[{""ref"":""D-S01-08"",""before"":""IMPLEMENTATION"",""condition"":""DAG/live policy approved""}]",,OPTIONAL inactive general DAG/live/deletion semantics extension; current parent guards/delta commands complete. Do not turn enhancement into required defect remediation.
RP06-T01,RP06,COMPLETE,PASS,RP00-T01,,"[{""ref"":""D-S01-05"",""before"":""IMPLEMENTATION"",""condition"":""always""}]",,LOCAL_IMPLEMENTATION_DELIVERED; inspect scoped canonical evidence; target/joint/release remain separate.
RP06-T02,RP06,COMPLETE,PASS,RP06-T01;RP07-T02,,"[{""ref"":""D-S01-06"",""before"":""IMPLEMENTATION"",""condition"":""always""}]",,LOCAL_IMPLEMENTATION_DELIVERED; inspect scoped canonical evidence; target/joint/release remain separate.
RP07-T01,RP07,COMPLETE,PASS,RP04-T01,,[],,LOCAL_IMPLEMENTATION_DELIVERED; inspect scoped canonical evidence; target/joint/release remain separate.
RP07-T02,RP07,COMPLETE,PASS,RP00-T01,,"[{""ref"":""D-S01-06"",""before"":""IMPLEMENTATION"",""condition"":""always""},{""ref"":""S03-OI-07"",""before"":""IMPLEMENTATION"",""condition"":""same D-S01-06 approval; no second approval required""}]",,LOCAL_IMPLEMENTATION_DELIVERED; inspect scoped canonical evidence; target/joint/release remain separate.
RP08-T01,RP08,COMPLETE,PASS,RP00-T01,,"[{""ref"":""D-S01-05"",""before"":""IMPLEMENTATION"",""condition"":""only if registration global exception is requested""}]",,LOCAL_IMPLEMENTATION_DELIVERED; inspect scoped canonical evidence; target/joint/release remain separate.
RP08-T02,RP08,COMPLETE,PASS,RP08-T01,,"[{""ref"":""T-RP-04"",""before"":""IMPLEMENTATION"",""condition"":""always""},{""ref"":""T-RP-12"",""before"":""IMPLEMENTATION"",""condition"":""always""}]",RP11-T01,LOCAL_IMPLEMENTATION_DELIVERED; inspect scoped canonical evidence; target/joint/release remain separate.
RP09-T01,RP09,COMPLETE,PASS,RP00-T02,,"[{""ref"":""T-RP-02"",""before"":""IMPLEMENTATION"",""condition"":""always""},{""ref"":""T-RP-07"",""before"":""IMPLEMENTATION"",""condition"":""delete command adapter modified""},{""ref"":""S03-OI-05"",""before"":""IMPLEMENTATION"",""condition"":""only if stale/delete command adapter is changed; no gate on unrelated task fields or report snapshot""}]",,LOCAL_IMPLEMENTATION_DELIVERED; inspect scoped canonical evidence; target/joint/release remain separate.
RP09-T02,RP09,COMPLETE,PASS,RP09-T01,,"[{""ref"":""T-RP-02"",""before"":""IMPLEMENTATION"",""condition"":""always""}]",,LOCAL_IMPLEMENTATION_DELIVERED; inspect scoped canonical evidence; target/joint/release remain separate.
RP10-T01,RP10,NOT_STARTED,NOT_RUN,RP00-T03,,"[{""ref"":""T-RP-03"",""before"":""IMPLEMENTATION"",""condition"":""always""},{""ref"":""S03-OI-05"",""before"":""IMPLEMENTATION"",""condition"":""only if stale/delete command adapter is changed; no gate on unrelated task fields or report snapshot""}]",,"S03-OI-09: supported deployed client/producer versions, POST/PUT/sync revision carrying behavior, legacy queued drafts/send history and upgrade/retirement window. Static currentcandidate matrix alone cannot establish deployed clients."
RP10-T02,RP10,COMPLETE,PASS,RP00-T01,,"[{""ref"":""D-S01-07"",""before"":""IMPLEMENTATION"",""condition"":""source-state behavior changed""}]",RP09-T01,LOCAL_IMPLEMENTATION_DELIVERED; inspect scoped canonical evidence; target/joint/release remain separate.
RP10-T03,RP10,COMPLETE,PASS,RP10-T02,,"[{""ref"":""D-S01-07"",""before"":""IMPLEMENTATION"",""condition"":""always""}]",,LOCAL_IMPLEMENTATION_DELIVERED; inspect scoped canonical evidence; target/joint/release remain separate.
RP11-T01,RP11,COMPLETE,PASS,RP00-T01,,"[{""ref"":""T-RP-09"",""before"":""IMPLEMENTATION"",""condition"":""always""},{""ref"":""T-RP-12"",""before"":""IMPLEMENTATION"",""condition"":""always""}]",,LOCAL_IMPLEMENTATION_DELIVERED; inspect scoped canonical evidence; target/joint/release remain separate.
RP11-T02,RP11,COMPLETE,PASS,RP11-T01,,"[{""ref"":""T-RP-01"",""before"":""IMPLEMENTATION"",""condition"":""always""}]",,LOCAL_IMPLEMENTATION_DELIVERED; inspect scoped canonical evidence; target/joint/release remain separate.
RP11-T03,RP11,COMPLETE,ENV_BLOCKED,RP11-T01,,"[{""ref"":""T-RP-12"",""before"":""IMPLEMENTATION"",""condition"":""always""}]",,LOCAL_IMPLEMENTATION_DELIVERED; inspect scoped canonical evidence; target/joint/release remain separate.
RP12-T01,RP12,COMPLETE,ENV_BLOCKED,RP00-T02;RP11-T01,,"[{""ref"":""T-RP-11"",""before"":""IMPLEMENTATION"",""condition"":""always""}]",,LOCAL_IMPLEMENTATION_DELIVERED; inspect scoped canonical evidence; target/joint/release remain separate.
RP12-T02,RP12,COMPLETE,PASS,RP12-T01;RP09-T01;RP11-T03,,"[{""ref"":""T-RP-02"",""before"":""IMPLEMENTATION"",""condition"":""always""},{""ref"":""T-RP-12"",""before"":""IMPLEMENTATION"",""condition"":""always""}]",,LOCAL_IMPLEMENTATION_DELIVERED; inspect scoped canonical evidence; target/joint/release remain separate.
RP13-T01,RP13,COMPLETE,ENV_BLOCKED,RP00-T01,,[],RP11-T01,LOCAL_IMPLEMENTATION_DELIVERED; inspect scoped canonical evidence; target/joint/release remain separate.
RP13-T02,RP13,COMPLETE,ENV_BLOCKED,RP13-T01,,[],,LOCAL_IMPLEMENTATION_DELIVERED; inspect scoped canonical evidence; target/joint/release remain separate.
RP13-T03,RP13,COMPLETE,PASS,RP13-T02;RP09-T01;RP08-T02;RP11-T02,,"[{""ref"":""T-RP-04"",""before"":""IMPLEMENTATION"",""condition"":""always""},{""ref"":""T-RP-10"",""before"":""IMPLEMENTATION"",""condition"":""always""},{""ref"":""D-S01-08"",""before"":""IMPLEMENTATION"",""condition"":""only when approved delete/live-reference/tombstone semantics are changed""}]",,LOCAL_IMPLEMENTATION_DELIVERED; inspect scoped canonical evidence; target/joint/release remain separate.
RP14-T01,RP14,COMPLETE,PASS,RP00-T01,,[],,LOCAL_IMPLEMENTATION_DELIVERED; inspect scoped canonical evidence; target/joint/release remain separate.
RP14-T02,RP14,COMPLETE,PASS,RP14-T01,,"[{""ref"":""T-RP-05"",""before"":""IMPLEMENTATION"",""condition"":""always""}]",,LOCAL_IMPLEMENTATION_DELIVERED; inspect scoped canonical evidence; target/joint/release remain separate.
RP15-T01,RP15,IN_PROGRESS,ENV_BLOCKED,RP00-T01,,[],,S04-OI-01: data-owner-approved minimized read-only historical snapshot/anomaly inventory with stable IDs/counts/reference fields and provenance. No production/shared data access was authorized.
RP15-T02,RP15,NOT_STARTED,NOT_RUN,RP15-T01;RP05-T01,RP15-T01,"[{""ref"":""D-S01-08"",""before"":""IMPLEMENTATION"",""condition"":""always""},{""ref"":""T-RP-11"",""before"":""IMPLEMENTATION"",""condition"":""always""}]",,"After RP15-T01 actual anomaly classification, approved non-destructive repair mapping/quarantine and exact FK/unique scope; synthetic invented backfill does not repair historical rows."
RP15-T03,RP15,NOT_STARTED,NOT_RUN,RP15-T02,RP15-T02,"[{""ref"":""D-S01-08"",""before"":""IMPLEMENTATION"",""condition"":""always""}]",,"After RP15-T02 actual verified mapping and rollback copies, target-safe migration validation/rollback, no current database destructive DDL."
RP16-T01,RP16,COMPLETE,PASS,RP00-T01,,"[{""ref"":""T-RP-06"",""before"":""IMPLEMENTATION"",""condition"":""always""}]",,LOCAL_IMPLEMENTATION_DELIVERED; inspect scoped canonical evidence; target/joint/release remain separate.
RP16-T02,RP16,COMPLETE,PASS,RP16-T01,,"[{""ref"":""T-RP-06"",""before"":""IMPLEMENTATION"",""condition"":""always""}]",,LOCAL_IMPLEMENTATION_DELIVERED; inspect scoped canonical evidence; target/joint/release remain separate.
RP16-T03,RP16,COMPLETE,PASS,RP16-T02,,"[{""ref"":""T-RP-10"",""before"":""IMPLEMENTATION"",""condition"":""always""}]",,LOCAL_IMPLEMENTATION_DELIVERED; inspect scoped canonical evidence; target/joint/release remain separate.
RP17-T01,RP17,COMPLETE,ENV_BLOCKED,RP00-T01,,[],,LOCAL_IMPLEMENTATION_DELIVERED; inspect scoped canonical evidence; target/joint/release remain separate.
RP17-T02,RP17,COMPLETE,PASS,RP17-T01,,"[{""ref"":""T-RP-11"",""before"":""IMPLEMENTATION"",""condition"":""always""}]",,LOCAL_IMPLEMENTATION_DELIVERED; inspect scoped canonical evidence; target/joint/release remain separate.
RP17-T03,RP17,COMPLETE,ENV_BLOCKED,RP17-T02,,[],,LOCAL_IMPLEMENTATION_DELIVERED; inspect scoped canonical evidence; target/joint/release remain separate.
RP18-T01,RP18,COMPLETE,PASS,RP00-T01,,"[{""ref"":""T-RP-08"",""before"":""IMPLEMENTATION"",""condition"":""always""},{""ref"":""T-RP-09"",""before"":""IMPLEMENTATION"",""condition"":""always""}]",,LOCAL_IMPLEMENTATION_DELIVERED; inspect scoped canonical evidence; target/joint/release remain separate.
RP18-T02,RP18,COMPLETE,PASS,RP18-T01,,"[{""ref"":""T-RP-13"",""before"":""IMPLEMENTATION"",""condition"":""always""}]",,LOCAL_IMPLEMENTATION_DELIVERED; inspect scoped canonical evidence; target/joint/release remain separate.
RP18-T03,RP18,COMPLETE,ENV_BLOCKED,RP18-T02,,"[{""ref"":""T-RP-08"",""before"":""IMPLEMENTATION"",""condition"":""always""}]",,LOCAL_IMPLEMENTATION_DELIVERED; inspect scoped canonical evidence; target/joint/release remain separate.
RP19-T01,RP19,COMPLETE,ENV_BLOCKED,RP00-T01,,[],,LOCAL_IMPLEMENTATION_DELIVERED; inspect scoped canonical evidence; target/joint/release remain separate.
RP19-T02,RP19,COMPLETE,ENV_BLOCKED,RP19-T01;RP17-T02;RP18-T01,,"[{""ref"":""T-RP-10"",""before"":""IMPLEMENTATION"",""condition"":""always""}]",,LOCAL_IMPLEMENTATION_DELIVERED; inspect scoped canonical evidence; target/joint/release remain separate.
RP19-T03,RP19,COMPLETE,PASS,RP18-T02;RP17-T03;RP00-T05,,"[{""ref"":""T-RP-13"",""before"":""IMPLEMENTATION"",""condition"":""always""}]",,LOCAL_IMPLEMENTATION_DELIVERED; inspect scoped canonical evidence; target/joint/release remain separate.
RP19-T04,RP19,COMPLETE,ENV_BLOCKED,RP00-T01,,[],,LOCAL_IMPLEMENTATION_DELIVERED; inspect scoped canonical evidence; target/joint/release remain separate.
