taskId,implementation,validation,readiness,unmetImplementationDependencies,implementationGates,acceptanceDependencies,laterGates
RP01-T02,NOT_STARTED,NOT_RUN,APPLICABLE_SCOPE_DECISION_PENDING,[],"[{""ref"": ""D-S01-01"", ""before"": ""IMPLEMENTATION"", ""condition"": ""always"", ""approvedInExactTaskScope"": false, ""decisionStatus"": ""PENDING"", ""conditionEvaluation"": ""Evaluate actual scoped adapter; conditional is not a global gate""}, {""ref"": ""D-S01-02"", ""before"": ""IMPLEMENTATION"", ""condition"": ""only forced-password-change/business allowlist sub-scope; rank/reset protection uses D-S01-01 independently"", ""approvedInExactTaskScope"": false, ""decisionStatus"": ""PENDING"", ""conditionEvaluation"": ""Evaluate actual scoped adapter; conditional is not a global gate""}]",[],[]
RP01-T03,NOT_STARTED,NOT_RUN,OPTIONAL_NOT_ACTIVATED,[],"[{""ref"": ""D-S01-03"", ""before"": ""IMPLEMENTATION"", ""condition"": ""always"", ""approvedInExactTaskScope"": false, ""decisionStatus"": ""PENDING"", ""conditionEvaluation"": ""Evaluate actual scoped adapter; conditional is not a global gate""}]",[],[]
RP03-T02,NOT_STARTED,NOT_RUN,APPLICABLE_SCOPE_DECISION_PENDING,[],"[{""ref"": ""D-S01-04"", ""before"": ""IMPLEMENTATION"", ""condition"": ""always"", ""approvedInExactTaskScope"": false, ""decisionStatus"": ""PENDING"", ""conditionEvaluation"": ""Evaluate actual scoped adapter; conditional is not a global gate""}, {""ref"": ""T-RP-09"", ""before"": ""IMPLEMENTATION"", ""condition"": ""always"", ""approvedInExactTaskScope"": false, ""decisionStatus"": ""APPROVED"", ""conditionEvaluation"": ""Evaluate actual scoped adapter; conditional is not a global gate""}, {""ref"": ""S03-OI-06"", ""before"": ""IMPLEMENTATION"", ""condition"": ""same D-S01-04 approval; no second approval required"", ""approvedInExactTaskScope"": false, ""decisionStatus"": ""CHECK_OPEN_ITEM_GATE"", ""conditionEvaluation"": ""Evaluate actual scoped adapter; conditional is not a global gate""}]","[""RP02-T02""]",[]
RP05-T02,NOT_STARTED,NOT_RUN,APPLICABLE_SCOPE_DECISION_PENDING,[],"[{""ref"": ""D-S01-08"", ""before"": ""IMPLEMENTATION"", ""condition"": ""always"", ""approvedInExactTaskScope"": false, ""decisionStatus"": ""PENDING"", ""conditionEvaluation"": ""Evaluate actual scoped adapter; conditional is not a global gate""}, {""ref"": ""T-RP-07"", ""before"": ""IMPLEMENTATION"", ""condition"": ""always"", ""approvedInExactTaskScope"": false, ""decisionStatus"": ""APPROVED"", ""conditionEvaluation"": ""Evaluate actual scoped adapter; conditional is not a global gate""}, {""ref"": ""S03-OI-05"", ""before"": ""IMPLEMENTATION"", ""condition"": ""only if stale/delete command adapter is changed; no gate on unrelated task fields or report snapshot"", ""approvedInExactTaskScope"": false, ""decisionStatus"": ""CHECK_OPEN_ITEM_GATE"", ""conditionEvaluation"": ""Evaluate actual scoped adapter; conditional is not a global gate""}]",[],[]
RP05-T03,NOT_STARTED,NOT_RUN,OPTIONAL_NOT_ACTIVATED,"[""RP05-T02""]","[{""ref"": ""D-S01-08"", ""before"": ""IMPLEMENTATION"", ""condition"": ""DAG/live policy approved"", ""approvedInExactTaskScope"": false, ""decisionStatus"": ""PENDING"", ""conditionEvaluation"": ""Evaluate actual scoped adapter; conditional is not a global gate""}]",[],"[{""ref"": ""T-RP-11"", ""before"": ""VALIDATION"", ""condition"": ""always""}]"
RP06-T01,NOT_STARTED,NOT_RUN,APPLICABLE_SCOPE_DECISION_PENDING,[],"[{""ref"": ""D-S01-05"", ""before"": ""IMPLEMENTATION"", ""condition"": ""always"", ""approvedInExactTaskScope"": false, ""decisionStatus"": ""PENDING"", ""conditionEvaluation"": ""Evaluate actual scoped adapter; conditional is not a global gate""}]",[],[]
RP06-T02,NOT_STARTED,NOT_RUN,IMPLEMENTATION_DEPENDENCY_PENDING,"[""RP06-T01"", ""RP07-T02""]","[{""ref"": ""D-S01-06"", ""before"": ""IMPLEMENTATION"", ""condition"": ""always"", ""approvedInExactTaskScope"": false, ""decisionStatus"": ""PENDING"", ""conditionEvaluation"": ""Evaluate actual scoped adapter; conditional is not a global gate""}]",[],[]
RP07-T02,NOT_STARTED,NOT_RUN,APPLICABLE_SCOPE_DECISION_PENDING,[],"[{""ref"": ""D-S01-06"", ""before"": ""IMPLEMENTATION"", ""condition"": ""always"", ""approvedInExactTaskScope"": false, ""decisionStatus"": ""PENDING"", ""conditionEvaluation"": ""Evaluate actual scoped adapter; conditional is not a global gate""}, {""ref"": ""S03-OI-07"", ""before"": ""IMPLEMENTATION"", ""condition"": ""same D-S01-06 approval; no second approval required"", ""approvedInExactTaskScope"": false, ""decisionStatus"": ""CHECK_OPEN_ITEM_GATE"", ""conditionEvaluation"": ""Evaluate actual scoped adapter; conditional is not a global gate""}]",[],[]
RP08-T02,NOT_STARTED,NOT_RUN,APPLICABLE_SCOPE_DECISION_PENDING,[],"[{""ref"": ""T-RP-04"", ""before"": ""IMPLEMENTATION"", ""condition"": ""always"", ""approvedInExactTaskScope"": false, ""decisionStatus"": ""PROPOSED"", ""conditionEvaluation"": ""Evaluate actual scoped adapter; conditional is not a global gate""}, {""ref"": ""T-RP-12"", ""before"": ""IMPLEMENTATION"", ""condition"": ""always"", ""approvedInExactTaskScope"": false, ""decisionStatus"": ""PROPOSED"", ""conditionEvaluation"": ""Evaluate actual scoped adapter; conditional is not a global gate""}]","[""RP11-T01""]","[{""ref"": ""S02-OPEN-02"", ""before"": ""VALIDATION"", ""condition"": ""joint authorized cache/page fallback acceptance""}]"
RP10-T01,NOT_STARTED,NOT_RUN,APPLICABLE_SCOPE_DECISION_PENDING,[],"[{""ref"": ""T-RP-03"", ""before"": ""IMPLEMENTATION"", ""condition"": ""always"", ""approvedInExactTaskScope"": false, ""decisionStatus"": ""PROPOSED"", ""conditionEvaluation"": ""Evaluate actual scoped adapter; conditional is not a global gate""}, {""ref"": ""S03-OI-05"", ""before"": ""IMPLEMENTATION"", ""condition"": ""only if stale/delete command adapter is changed; no gate on unrelated task fields or report snapshot"", ""approvedInExactTaskScope"": false, ""decisionStatus"": ""CHECK_OPEN_ITEM_GATE"", ""conditionEvaluation"": ""Evaluate actual scoped adapter; conditional is not a global gate""}]",[],[]
RP11-T01,NOT_STARTED,NOT_RUN,APPLICABLE_SCOPE_DECISION_PENDING,[],"[{""ref"": ""T-RP-09"", ""before"": ""IMPLEMENTATION"", ""condition"": ""always"", ""approvedInExactTaskScope"": false, ""decisionStatus"": ""APPROVED"", ""conditionEvaluation"": ""Evaluate actual scoped adapter; conditional is not a global gate""}, {""ref"": ""T-RP-12"", ""before"": ""IMPLEMENTATION"", ""condition"": ""always"", ""approvedInExactTaskScope"": false, ""decisionStatus"": ""PROPOSED"", ""conditionEvaluation"": ""Evaluate actual scoped adapter; conditional is not a global gate""}]",[],"[{""ref"": ""S02-OPEN-01"", ""before"": ""VALIDATION"", ""condition"": ""always""}, {""ref"": ""S02-OPEN-02"", ""before"": ""VALIDATION"", ""condition"": ""always""}]"
RP11-T02,NOT_STARTED,NOT_RUN,IMPLEMENTATION_DEPENDENCY_PENDING,"[""RP11-T01""]","[{""ref"": ""T-RP-01"", ""before"": ""IMPLEMENTATION"", ""condition"": ""always"", ""approvedInExactTaskScope"": false, ""decisionStatus"": ""PROPOSED"", ""conditionEvaluation"": ""Evaluate actual scoped adapter; conditional is not a global gate""}]",[],"[{""ref"": ""S02-OPEN-06"", ""before"": ""VALIDATION"", ""condition"": ""always""}, {""ref"": ""S02-OPEN-07"", ""before"": ""VALIDATION"", ""condition"": ""always""}]"
RP11-T03,NOT_STARTED,NOT_RUN,IMPLEMENTATION_DEPENDENCY_PENDING,"[""RP11-T01""]","[{""ref"": ""T-RP-12"", ""before"": ""IMPLEMENTATION"", ""condition"": ""always"", ""approvedInExactTaskScope"": false, ""decisionStatus"": ""PROPOSED"", ""conditionEvaluation"": ""Evaluate actual scoped adapter; conditional is not a global gate""}]",[],"[{""ref"": ""S02-OPEN-03"", ""before"": ""VALIDATION"", ""condition"": ""always""}]"
RP12-T01,NOT_STARTED,NOT_RUN,IMPLEMENTATION_DEPENDENCY_PENDING,"[""RP11-T01""]","[{""ref"": ""T-RP-11"", ""before"": ""IMPLEMENTATION"", ""condition"": ""always"", ""approvedInExactTaskScope"": false, ""decisionStatus"": ""PROPOSED"", ""conditionEvaluation"": ""Evaluate actual scoped adapter; conditional is not a global gate""}]",[],"[{""ref"": ""S02-OPEN-04"", ""before"": ""VALIDATION"", ""condition"": ""always""}]"
RP12-T02,NOT_STARTED,NOT_RUN,IMPLEMENTATION_DEPENDENCY_PENDING,"[""RP12-T01"", ""RP11-T03""]","[{""ref"": ""T-RP-02"", ""before"": ""IMPLEMENTATION"", ""condition"": ""always"", ""approvedInExactTaskScope"": false, ""decisionStatus"": ""APPROVED"", ""conditionEvaluation"": ""Evaluate actual scoped adapter; conditional is not a global gate""}, {""ref"": ""T-RP-12"", ""before"": ""IMPLEMENTATION"", ""condition"": ""always"", ""approvedInExactTaskScope"": false, ""decisionStatus"": ""PROPOSED"", ""conditionEvaluation"": ""Evaluate actual scoped adapter; conditional is not a global gate""}]",[],[]
RP13-T03,NOT_STARTED,NOT_RUN,IMPLEMENTATION_DEPENDENCY_PENDING,"[""RP08-T02"", ""RP11-T02""]","[{""ref"": ""T-RP-04"", ""before"": ""IMPLEMENTATION"", ""condition"": ""always"", ""approvedInExactTaskScope"": false, ""decisionStatus"": ""PROPOSED"", ""conditionEvaluation"": ""Evaluate actual scoped adapter; conditional is not a global gate""}, {""ref"": ""T-RP-10"", ""before"": ""IMPLEMENTATION"", ""condition"": ""always"", ""approvedInExactTaskScope"": false, ""decisionStatus"": ""PROPOSED"", ""conditionEvaluation"": ""Evaluate actual scoped adapter; conditional is not a global gate""}, {""ref"": ""D-S01-08"", ""before"": ""IMPLEMENTATION"", ""condition"": ""only when approved delete/live-reference/tombstone semantics are changed"", ""approvedInExactTaskScope"": false, ""decisionStatus"": ""PENDING"", ""conditionEvaluation"": ""Evaluate actual scoped adapter; conditional is not a global gate""}]",[],"[{""ref"": ""S03-OI-04"", ""before"": ""RELEASE"", ""condition"": ""always""}]"
RP15-T01,IN_PROGRESS,ENV_BLOCKED,NEEDS_OWNER_READ_ONLY_DATA,[],[],[],"[{""ref"": ""S04-OI-01"", ""before"": ""VALIDATION"", ""condition"": ""always""}]"
RP15-T02,NOT_STARTED,NOT_RUN,IMPLEMENTATION_DEPENDENCY_PENDING,"[""RP15-T01""]","[{""ref"": ""D-S01-08"", ""before"": ""IMPLEMENTATION"", ""condition"": ""always"", ""approvedInExactTaskScope"": false, ""decisionStatus"": ""PENDING"", ""conditionEvaluation"": ""Evaluate actual scoped adapter; conditional is not a global gate""}, {""ref"": ""T-RP-11"", ""before"": ""IMPLEMENTATION"", ""condition"": ""always"", ""approvedInExactTaskScope"": false, ""decisionStatus"": ""PROPOSED"", ""conditionEvaluation"": ""Evaluate actual scoped adapter; conditional is not a global gate""}]",[],[]
RP15-T03,NOT_STARTED,NOT_RUN,IMPLEMENTATION_DEPENDENCY_PENDING,"[""RP15-T02""]","[{""ref"": ""D-S01-08"", ""before"": ""IMPLEMENTATION"", ""condition"": ""always"", ""approvedInExactTaskScope"": false, ""decisionStatus"": ""PENDING"", ""conditionEvaluation"": ""Evaluate actual scoped adapter; conditional is not a global gate""}]",[],"[{""ref"": ""T-RP-11"", ""before"": ""VALIDATION"", ""condition"": ""always""}]"
RP16-T01,NOT_STARTED,NOT_RUN,APPLICABLE_SCOPE_DECISION_PENDING,[],"[{""ref"": ""T-RP-06"", ""before"": ""IMPLEMENTATION"", ""condition"": ""always"", ""approvedInExactTaskScope"": false, ""decisionStatus"": ""PROPOSED"", ""conditionEvaluation"": ""Evaluate actual scoped adapter; conditional is not a global gate""}]",[],[]
RP16-T02,NOT_STARTED,NOT_RUN,IMPLEMENTATION_DEPENDENCY_PENDING,"[""RP16-T01""]","[{""ref"": ""T-RP-06"", ""before"": ""IMPLEMENTATION"", ""condition"": ""always"", ""approvedInExactTaskScope"": false, ""decisionStatus"": ""PROPOSED"", ""conditionEvaluation"": ""Evaluate actual scoped adapter; conditional is not a global gate""}]",[],"[{""ref"": ""S05-OI-03"", ""before"": ""VALIDATION"", ""condition"": ""always""}]"
RP16-T03,NOT_STARTED,NOT_RUN,IMPLEMENTATION_DEPENDENCY_PENDING,"[""RP16-T02""]","[{""ref"": ""T-RP-10"", ""before"": ""IMPLEMENTATION"", ""condition"": ""always"", ""approvedInExactTaskScope"": false, ""decisionStatus"": ""PROPOSED"", ""conditionEvaluation"": ""Evaluate actual scoped adapter; conditional is not a global gate""}]",[],[]
RP17-T02,NOT_STARTED,NOT_RUN,APPLICABLE_SCOPE_DECISION_PENDING,[],"[{""ref"": ""T-RP-11"", ""before"": ""IMPLEMENTATION"", ""condition"": ""always"", ""approvedInExactTaskScope"": false, ""decisionStatus"": ""PROPOSED"", ""conditionEvaluation"": ""Evaluate actual scoped adapter; conditional is not a global gate""}]",[],[]
RP17-T03,NOT_STARTED,NOT_RUN,IMPLEMENTATION_DEPENDENCY_PENDING,"[""RP17-T02""]",[],[],"[{""ref"": ""S05-OI-01"", ""before"": ""VALIDATION"", ""condition"": ""always""}]"
RP18-T01,NOT_STARTED,NOT_RUN,APPLICABLE_SCOPE_DECISION_PENDING,[],"[{""ref"": ""T-RP-08"", ""before"": ""IMPLEMENTATION"", ""condition"": ""always"", ""approvedInExactTaskScope"": false, ""decisionStatus"": ""PROPOSED"", ""conditionEvaluation"": ""Evaluate actual scoped adapter; conditional is not a global gate""}, {""ref"": ""T-RP-09"", ""before"": ""IMPLEMENTATION"", ""condition"": ""always"", ""approvedInExactTaskScope"": false, ""decisionStatus"": ""APPROVED"", ""conditionEvaluation"": ""Evaluate actual scoped adapter; conditional is not a global gate""}]",[],[]
RP18-T02,NOT_STARTED,NOT_RUN,IMPLEMENTATION_DEPENDENCY_PENDING,"[""RP18-T01""]","[{""ref"": ""T-RP-13"", ""before"": ""IMPLEMENTATION"", ""condition"": ""always"", ""approvedInExactTaskScope"": false, ""decisionStatus"": ""PROPOSED"", ""conditionEvaluation"": ""Evaluate actual scoped adapter; conditional is not a global gate""}]",[],"[{""ref"": ""S05-OI-05"", ""before"": ""RELEASE"", ""condition"": ""always""}]"
RP18-T03,NOT_STARTED,NOT_RUN,IMPLEMENTATION_DEPENDENCY_PENDING,"[""RP18-T02""]","[{""ref"": ""T-RP-08"", ""before"": ""IMPLEMENTATION"", ""condition"": ""always"", ""approvedInExactTaskScope"": false, ""decisionStatus"": ""PROPOSED"", ""conditionEvaluation"": ""Evaluate actual scoped adapter; conditional is not a global gate""}]",[],"[{""ref"": ""S05-OI-04"", ""before"": ""VALIDATION"", ""condition"": ""always""}]"
RP19-T02,NOT_STARTED,NOT_RUN,IMPLEMENTATION_DEPENDENCY_PENDING,"[""RP17-T02"", ""RP18-T01""]","[{""ref"": ""T-RP-10"", ""before"": ""IMPLEMENTATION"", ""condition"": ""always"", ""approvedInExactTaskScope"": false, ""decisionStatus"": ""PROPOSED"", ""conditionEvaluation"": ""Evaluate actual scoped adapter; conditional is not a global gate""}]",[],"[{""ref"": ""S05-OI-02"", ""before"": ""VALIDATION"", ""condition"": ""always""}]"
RP19-T03,NOT_STARTED,NOT_RUN,IMPLEMENTATION_DEPENDENCY_PENDING,"[""RP18-T02"", ""RP17-T03""]","[{""ref"": ""T-RP-13"", ""before"": ""IMPLEMENTATION"", ""condition"": ""always"", ""approvedInExactTaskScope"": false, ""decisionStatus"": ""PROPOSED"", ""conditionEvaluation"": ""Evaluate actual scoped adapter; conditional is not a global gate""}]",[],"[{""ref"": ""S05-OI-04"", ""before"": ""RELEASE"", ""condition"": ""always""}, {""ref"": ""S05-OI-05"", ""before"": ""RELEASE"", ""condition"": ""always""}]"
RP19-T04,IN_PROGRESS,ENV_BLOCKED,FINAL_RECONCILIATION_PENDING_PLAN_ACCEPTANCE,[],[],[],[]
