scenario,originContext,requirement,requestReplay,status
late refresh success,same actor + same generation,Accept only while the exact initiating actor+generation still owns storage; stale result never overwrites later session.,Never replay A request with B credential.,SPECIFICATION_ONLY_NOT_RUN
late refresh failure,same actor + same generation,Clear token only if failing lineage still owns current store; stale failure preserves newer generation.,Fail closed if captured lineage changed.,SPECIFICATION_ONLY_NOT_RUN
late refresh success,same actor + generation changed,Accept only while the exact initiating actor+generation still owns storage; stale result never overwrites later session.,Never replay A request with B credential.,SPECIFICATION_ONLY_NOT_RUN
late refresh failure,same actor + generation changed,Clear token only if failing lineage still owns current store; stale failure preserves newer generation.,Fail closed if captured lineage changed.,SPECIFICATION_ONLY_NOT_RUN
late refresh success,A changed to B,Accept only while the exact initiating actor+generation still owns storage; stale result never overwrites later session.,Never replay A request with B credential.,SPECIFICATION_ONLY_NOT_RUN
late refresh failure,A changed to B,Clear token only if failing lineage still owns current store; stale failure preserves newer generation.,Fail closed if captured lineage changed.,SPECIFICATION_ONLY_NOT_RUN
late refresh success,logout/no active session,Accept only while the exact initiating actor+generation still owns storage; stale result never overwrites later session.,Never replay A request with B credential.,SPECIFICATION_ONLY_NOT_RUN
late refresh failure,logout/no active session,Clear token only if failing lineage still owns current store; stale failure preserves newer generation.,Fail closed if captured lineage changed.,SPECIFICATION_ONLY_NOT_RUN
two tabs same family,Concurrent refresh in two tabs,Security/auth owner chooses strict single-use CAS or explicitly bounded family replay with residual risk; no implicit dual success.,Old success/failure and original request all carry dispatch actor+generation.,SPECIFICATION_ONLY_NOT_RUN
401/403/offline distinction,"Expired token, authorization denial, or network offline",Only approved auth-expiry path refreshes; 403 stays denied; offline does not clear token.,Same initiating actor/generation only.,SPECIFICATION_ONLY_NOT_RUN
cookie support claim,CORS credentials configuration only,Does not prove cookie auth; maintain Bearer + JSON body unless approved otherwise.,N/A,SPECIFICATION_ONLY_NOT_RUN
