scenario,currentSourceFact,currentAuthorization,currentLastCopy,candidateHandling,evidenceOrGap,currentRunStatus,futureProof,status
revoke_role_during_pull,sync.js L404-413 recomputes projectIds per /init; engine.ts L217-236 purges local data on aclVersion change,per-page ACL recheck; local purge of newly-unauthorized rows,"actor outbox/dead-letter preserved (engine.ts L525-551, L558-575)","ACL loss purges local row, retains unsent owner payload; RESET if epoch changes",evidence/reused-evidence.md; source-facts.md,NOT_RUN: no non-empty ACL revoke runtime,"Owned real IDB/browser, exact owner/key/payload before/after failure/reopen; no mock substitute",SPECIFICATION_ONLY_NOT_RUN
role_change_mid_session,engine.ts sessionGen invalidates in-flight on account switch (L114/L448/L530),current permissions from getAuth at request time,pending outbox kept per original userId,recompute capability per page; do not apply stale pull to new role,source-facts.md,NOT_RUN,"Owned real IDB/browser, exact owner/key/payload before/after failure/reopen; no mock substitute",SPECIFICATION_ONLY_NOT_RUN
backfill_new_project_member,sync.js L435-470 streams upserts/tombstones by projectId in visible set,readPermission per entity (L419),mirror written only after page applied (engine.ts L208-238),snapshot cut includes backfilled member; revision-gated apply,source-facts.md,NOT_RUN,"Owned real IDB/browser, exact owner/key/payload before/after failure/reopen; no mock substitute",SPECIFICATION_ONLY_NOT_RUN
pagination_failure_mid_stream,sync.js L479-481 409 SYNC_PAGINATION_REQUIRED if hasMore and paginationVersion!=1,pageToken signed+HMAC (L315/L317),cursor committed only on last page (engine.ts L266),resume via nextPageToken; no cursor advance before all pages applied,source-facts.md,NOT_RUN,"Owned real IDB/browser, exact owner/key/payload before/after failure/reopen; no mock substitute",SPECIFICATION_ONLY_NOT_RUN
stale_cursor_old_epoch,no epoch field in SyncInitResponse (sync.ts L48-56); pageToken no scope-version (sync.js L323-347),readPageState validates actorId+deviceId+time range only,last cursor retained in IDB kv (engine.ts L238/L434),epoch/scope-version bound; expired cursor -> RESET_REQUIRED preserving outbox,source-facts.md; WATERMARK_ADR_DRAFT.md O3,NOT_RUN: epoch not implemented,"Owned real IDB/browser, exact owner/key/payload before/after failure/reopen; no mock substitute",SPECIFICATION_ONLY_NOT_RUN
outbox_ownership_account_switch,engine.ts L558-575 isolateForeignOutbox moves foreign rows to their owner dead-letter,outbox row carries userId (L173-177),foreign outbox never sent by new account,isolate by original userId; restore on re-login,source-facts.md,NOT_RUN,"Owned real IDB/browser, exact owner/key/payload before/after failure/reopen; no mock substitute",SPECIFICATION_ONLY_NOT_RUN
conflict_apply_local,engine.ts L370-382 resolveConflict; local=re-push with new clientMutationId at server time baseline,user chooses server|local,original change kept in conflict record (L298-313),"view/select/export/abandon; re-push creates new key, does not overwrite sent record",source-facts.md,NOT_RUN,"Owned real IDB/browser, exact owner/key/payload before/after failure/reopen; no mock substitute",SPECIFICATION_ONLY_NOT_RUN
dead_letter_rejected,engine.ts L315-339 deadLetterMove in same IDB tx as outbox delete; L390-401 retry; L426-430 drop; L417-423 get,current user authorized via currentUserId scoping,persistent copy survives logout (L525-551),export/copy before abandon; abandon deletes only after explicit user action; no auto-drop,source-facts.md,NOT_RUN,"Owned real IDB/browser, exact owner/key/payload before/after failure/reopen; no mock substitute",SPECIFICATION_ONLY_NOT_RUN
unknown_receipt_status,SyncPushResult status union applied|conflict|rejected only (sync.ts L31-46); no 'unknown',N/A,N/A,add explicit unknown status; preserve payload; surface to user for decision,GAP: not in current schema/types,NOT_RUN: design gap,"Owned real IDB/browser, exact owner/key/payload before/after failure/reopen; no mock substitute",SPECIFICATION_ONLY_NOT_RUN
oversize_payload,no size guard in sync.push (sync.js L500-506 only caps 500 changes),N/A,outbox row may exceed quota,size/quota guard at enqueue; preserve payload in dead-letter; user export/abandon,GAP: no oversize branch in engine.ts,NOT_RUN: design gap,"Owned real IDB/browser, exact owner/key/payload before/after failure/reopen; no mock substitute",SPECIFICATION_ONLY_NOT_RUN
quarantine_item,no quarantine concept in sync protocol/engine,N/A,N/A,define quarantine state distinct from rejected; preserve copy; authorized owner review/export/abandon,GAP: not in current design,NOT_RUN: design gap,"Owned real IDB/browser, exact owner/key/payload before/after failure/reopen; no mock substitute",SPECIFICATION_ONLY_NOT_RUN
logout_unsynced_preserve,engine.ts L525-551 resetOnLogout moves outbox to dead-letter (LOGOUT_UNSYNCED),current user scope,content recoverable after re-login same account,preserve last copy before any cache clear; clearAll excludes dead-letter,source-facts.md,NOT_RUN,"Owned real IDB/browser, exact owner/key/payload before/after failure/reopen; no mock substitute",SPECIFICATION_ONLY_NOT_RUN
upgrade blocked/versionchange,Not fully specified as an approved contract.,Prove the current authenticated owner; never infer from payload/first login.,Persist recoverable destination/outcome before removing source; never auto-drop.,Only explicit authorized recover/export/abandon after T-RP-12 owner approval.,No browser/IDB dynamic validation in this preparation.,NOT_RUN,Owned real IDB/browser row and reopen/readback proof,SPECIFICATION_ONLY_NOT_RUN
transaction abort,Not fully specified as an approved contract.,Prove the current authenticated owner; never infer from payload/first login.,Persist recoverable destination/outcome before removing source; never auto-drop.,Only explicit authorized recover/export/abandon after T-RP-12 owner approval.,No browser/IDB dynamic validation in this preparation.,NOT_RUN,Owned real IDB/browser row and reopen/readback proof,SPECIFICATION_ONLY_NOT_RUN
quota exhaustion,Not fully specified as an approved contract.,Prove the current authenticated owner; never infer from payload/first login.,Persist recoverable destination/outcome before removing source; never auto-drop.,Only explicit authorized recover/export/abandon after T-RP-12 owner approval.,No browser/IDB dynamic validation in this preparation.,NOT_RUN,Owned real IDB/browser row and reopen/readback proof,SPECIFICATION_ONLY_NOT_RUN
page closes during move,Not fully specified as an approved contract.,Prove the current authenticated owner; never infer from payload/first login.,Persist recoverable destination/outcome before removing source; never auto-drop.,Only explicit authorized recover/export/abandon after T-RP-12 owner approval.,No browser/IDB dynamic validation in this preparation.,NOT_RUN,Owned real IDB/browser row and reopen/readback proof,SPECIFICATION_ONLY_NOT_RUN
unknown owner row,Not fully specified as an approved contract.,Prove the current authenticated owner; never infer from payload/first login.,Persist recoverable destination/outcome before removing source; never auto-drop.,Only explicit authorized recover/export/abandon after T-RP-12 owner approval.,No browser/IDB dynamic validation in this preparation.,NOT_RUN,Owned real IDB/browser row and reopen/readback proof,SPECIFICATION_ONLY_NOT_RUN
logout with unsynced payload,Not fully specified as an approved contract.,Prove the current authenticated owner; never infer from payload/first login.,Persist recoverable destination/outcome before removing source; never auto-drop.,Only explicit authorized recover/export/abandon after T-RP-12 owner approval.,No browser/IDB dynamic validation in this preparation.,NOT_RUN,Owned real IDB/browser row and reopen/readback proof,SPECIFICATION_ONLY_NOT_RUN
user export then explicit abandon,Not fully specified as an approved contract.,Prove the current authenticated owner; never infer from payload/first login.,Persist recoverable destination/outcome before removing source; never auto-drop.,Only explicit authorized recover/export/abandon after T-RP-12 owner approval.,No browser/IDB dynamic validation in this preparation.,NOT_RUN,Owned real IDB/browser row and reopen/readback proof,SPECIFICATION_ONLY_NOT_RUN
