finding_id,severity,audit_disposition,candidate_only,primary_package,primary_tasks,implementation,validation,repair_acceptance,release
B01,P1,SUPPORTED,False,RP01,RP01-T02,NOT_STARTED,NOT_RUN,NOT_ACCEPTED,NOT_EVALUATED
B17,P2,SUPPORTED,False,RP01,RP01-T01,COMPLETE,PASS,FIX_ACCEPTED_LOCAL; target/release pending,NOT_EVALUATED
B14,P1,SUPPORTED,False,RP02,RP02-T01,COMPLETE,ENV_BLOCKED,NOT_ACCEPTED,NOT_EVALUATED
B15,P2,SUPPORTED,False,RP02,RP02-T02,NOT_STARTED,NOT_RUN,NOT_ACCEPTED,NOT_EVALUATED
N-R02-01,P2,SUPPORTED,False,RP03,RP03-T01,NOT_STARTED,NOT_RUN,NOT_ACCEPTED,NOT_EVALUATED
N-R02-02,P2,SUPPORTED,False,RP03,RP03-T02,NOT_STARTED,NOT_RUN,NOT_ACCEPTED,NOT_EVALUATED
B02,P1,SUPPORTED,False,RP05,RP05-T01;RP05-T02,COMPLETE;NOT_STARTED,ENV_BLOCKED;NOT_RUN,NOT_ACCEPTED,NOT_EVALUATED
B03,P1,SUPPORTED,False,RP04,RP04-T01,COMPLETE,ENV_BLOCKED,NOT_ACCEPTED,NOT_EVALUATED
B18,P1,SUPPORTED,False,RP04,RP04-T02,COMPLETE,ENV_BLOCKED,NOT_ACCEPTED,NOT_EVALUATED
B20,P2,SUPPORTED,False,RP04,RP04-T01,COMPLETE,ENV_BLOCKED,NOT_ACCEPTED,NOT_EVALUATED
B21,P1,SUPPORTED,False,RP06,RP06-T01;RP06-T02,NOT_STARTED;NOT_STARTED,NOT_RUN;NOT_RUN,NOT_ACCEPTED,NOT_EVALUATED
B04,P1,SUPPORTED,False,RP08,RP08-T01,NOT_STARTED,NOT_RUN,NOT_ACCEPTED,NOT_EVALUATED
B07,P1,SUPPORTED,False,RP13,RP13-T01;RP13-T02;RP13-T03,COMPLETE;IN_PROGRESS;NOT_STARTED,ENV_BLOCKED;NOT_RUN;NOT_RUN,NOT_ACCEPTED,NOT_EVALUATED
B08,P2,SUPPORTED,False,RP08,RP08-T02,NOT_STARTED,NOT_RUN,NOT_ACCEPTED,NOT_EVALUATED
B05,P2,SUPPORTED,False,RP09,RP09-T01,NOT_STARTED,NOT_RUN,NOT_ACCEPTED,NOT_EVALUATED
B06,P1,SUPPORTED,False,RP09,RP09-T01;RP09-T02,NOT_STARTED;NOT_STARTED,NOT_RUN;NOT_RUN,NOT_ACCEPTED,NOT_EVALUATED
B09,P1,SUPPORTED,False,RP07,RP07-T01,COMPLETE,ENV_BLOCKED,NOT_ACCEPTED,NOT_EVALUATED
R06-N01,P2,SUPPORTED,False,RP07,RP07-T02,NOT_STARTED,NOT_RUN,NOT_ACCEPTED,NOT_EVALUATED
F01,P1,SUPPORTED,False,RP11,RP11-T01,NOT_STARTED,NOT_RUN,NOT_ACCEPTED,NOT_EVALUATED
F03,P2,SUPPORTED,False,RP11,RP11-T01,NOT_STARTED,NOT_RUN,NOT_ACCEPTED,NOT_EVALUATED
F02,P1,SUPPORTED,False,RP11,RP11-T03,NOT_STARTED,NOT_RUN,NOT_ACCEPTED,NOT_EVALUATED
F04,P2,SUPPORTED,False,RP12,RP12-T01;RP12-T02,NOT_STARTED;NOT_STARTED,NOT_RUN;NOT_RUN,NOT_ACCEPTED,NOT_EVALUATED
B10,P1,SUPPORTED,False,RP10,RP10-T02;RP10-T03,NOT_STARTED;NOT_STARTED,NOT_RUN;NOT_RUN,NOT_ACCEPTED,NOT_EVALUATED
B16,P2,SUPPORTED,False,RP10,RP10-T01,NOT_STARTED,NOT_RUN,NOT_ACCEPTED,NOT_EVALUATED
B11,P1,SUPPORTED,False,RP14,RP14-T01,COMPLETE,ENV_BLOCKED,NOT_ACCEPTED,NOT_EVALUATED
B12,P2,SUPPORTED,False,RP14,RP14-T02,NOT_STARTED,NOT_RUN,NOT_ACCEPTED,NOT_EVALUATED
B19,P2,SUPPORTED,False,RP05,RP05-T01,COMPLETE,ENV_BLOCKED,NOT_ACCEPTED,NOT_EVALUATED
B13,P1,SUPPORTED,False,RP16,RP16-T01;RP16-T02;RP16-T03,NOT_STARTED;NOT_STARTED;NOT_STARTED,NOT_RUN;NOT_RUN;NOT_RUN,NOT_ACCEPTED,NOT_EVALUATED
D01,P1,SUPPORTED,False,RP17,RP17-T01;RP17-T02;RP17-T03,COMPLETE;NOT_STARTED;NOT_STARTED,ENV_BLOCKED;NOT_RUN;NOT_RUN,NOT_ACCEPTED,NOT_EVALUATED
R12-N01,P2,PENDING,True,RP19,RP19-T01;RP19-T02,COMPLETE;NOT_STARTED,ENV_BLOCKED;NOT_RUN,PENDING_CANDIDATE,NOT_EVALUATED
D02,P2,SUPPORTED,False,RP18,RP18-T01;RP18-T02,NOT_STARTED;NOT_STARTED,NOT_RUN;NOT_RUN,NOT_ACCEPTED,NOT_EVALUATED
D03,P2,SUPPORTED,False,RP18,RP18-T01;RP18-T03,NOT_STARTED;NOT_STARTED,NOT_RUN;NOT_RUN,NOT_ACCEPTED,NOT_EVALUATED
N-S02-01,P2,SUPPORTED,False,RP11,RP11-T01;RP11-T02,NOT_STARTED;NOT_STARTED,NOT_RUN;NOT_RUN,NOT_ACCEPTED,NOT_EVALUATED
