taskId,implementation,validation,disposition,unmetImplementationDependencies
RP00-T01,COMPLETE,ENV_BLOCKED,EXISTING_IMPLEMENTATION_PRESERVED,[]
RP00-T02,COMPLETE,PASS,EXISTING_IMPLEMENTATION_PRESERVED,[]
RP00-T03,COMPLETE,NOT_RUN,EXISTING_IMPLEMENTATION_PRESERVED,[]
RP00-T04,COMPLETE,NOT_RUN,EXISTING_IMPLEMENTATION_PRESERVED,[]
RP00-T05,COMPLETE,NOT_RUN,EXISTING_IMPLEMENTATION_PRESERVED,[]
RP01-T01,COMPLETE,PASS,EXISTING_IMPLEMENTATION_PRESERVED,[]
RP01-T02,NOT_STARTED,NOT_RUN,DECISION_INPUT_REQUIRED,[]
RP01-T03,NOT_STARTED,NOT_RUN,OPTIONAL_INACTIVE,[]
RP02-T01,COMPLETE,PASS,EXISTING_IMPLEMENTATION_PRESERVED,[]
RP02-T02,NOT_STARTED,NOT_RUN,DECISION_INPUT_REQUIRED,[]
RP03-T01,NOT_STARTED,NOT_RUN,DECISION_INPUT_REQUIRED,[]
RP03-T02,NOT_STARTED,NOT_RUN,DECISION_INPUT_REQUIRED,[]
RP04-T01,COMPLETE,PASS,EXISTING_IMPLEMENTATION_PRESERVED,[]
RP04-T02,COMPLETE,PASS,EXISTING_IMPLEMENTATION_PRESERVED,[]
RP05-T01,COMPLETE,PASS,EXISTING_IMPLEMENTATION_PRESERVED,[]
RP05-T02,NOT_STARTED,NOT_RUN,DECISION_INPUT_REQUIRED,[]
RP05-T03,NOT_STARTED,NOT_RUN,OPTIONAL_INACTIVE,"[""RP05-T02""]"
RP06-T01,NOT_STARTED,NOT_RUN,DECISION_INPUT_REQUIRED,[]
RP06-T02,NOT_STARTED,NOT_RUN,IMPLEMENTATION_DEPENDENCY_BLOCKED,"[""RP06-T01"", ""RP07-T02""]"
RP07-T01,COMPLETE,PASS,EXISTING_IMPLEMENTATION_PRESERVED,[]
RP07-T02,NOT_STARTED,NOT_RUN,DECISION_INPUT_REQUIRED,[]
RP08-T01,COMPLETE,PASS,EXISTING_IMPLEMENTATION_PRESERVED,[]
RP08-T02,NOT_STARTED,NOT_RUN,DECISION_INPUT_REQUIRED,[]
RP09-T01,NOT_STARTED,NOT_RUN,DECISION_INPUT_REQUIRED,[]
RP09-T02,NOT_STARTED,NOT_RUN,IMPLEMENTATION_DEPENDENCY_BLOCKED,"[""RP09-T01""]"
RP10-T01,NOT_STARTED,NOT_RUN,DECISION_INPUT_REQUIRED,[]
RP10-T02,COMPLETE,PASS,EXISTING_IMPLEMENTATION_PRESERVED,[]
RP10-T03,COMPLETE,PASS,EXISTING_IMPLEMENTATION_PRESERVED,[]
RP11-T01,NOT_STARTED,NOT_RUN,DECISION_INPUT_REQUIRED,[]
RP11-T02,NOT_STARTED,NOT_RUN,IMPLEMENTATION_DEPENDENCY_BLOCKED,"[""RP11-T01""]"
RP11-T03,NOT_STARTED,NOT_RUN,IMPLEMENTATION_DEPENDENCY_BLOCKED,"[""RP11-T01""]"
RP12-T01,NOT_STARTED,NOT_RUN,IMPLEMENTATION_DEPENDENCY_BLOCKED,"[""RP11-T01""]"
RP12-T02,NOT_STARTED,NOT_RUN,IMPLEMENTATION_DEPENDENCY_BLOCKED,"[""RP12-T01"", ""RP09-T01"", ""RP11-T03""]"
RP13-T01,COMPLETE,ENV_BLOCKED,EXISTING_IMPLEMENTATION_PRESERVED,[]
RP13-T02,COMPLETE,ENV_BLOCKED,EXISTING_IMPLEMENTATION_PRESERVED,[]
RP13-T03,NOT_STARTED,NOT_RUN,IMPLEMENTATION_DEPENDENCY_BLOCKED,"[""RP09-T01"", ""RP08-T02"", ""RP11-T02""]"
RP14-T01,COMPLETE,PASS,EXISTING_IMPLEMENTATION_PRESERVED,[]
RP14-T02,COMPLETE,PASS,EXISTING_IMPLEMENTATION_PRESERVED,[]
RP15-T01,IN_PROGRESS,ENV_BLOCKED,EXTERNAL_DATA_INPUT_REQUIRED,[]
RP15-T02,NOT_STARTED,NOT_RUN,IMPLEMENTATION_DEPENDENCY_BLOCKED,"[""RP15-T01""]"
RP15-T03,NOT_STARTED,NOT_RUN,IMPLEMENTATION_DEPENDENCY_BLOCKED,"[""RP15-T02""]"
RP16-T01,NOT_STARTED,NOT_RUN,DECISION_INPUT_REQUIRED,[]
RP16-T02,NOT_STARTED,NOT_RUN,IMPLEMENTATION_DEPENDENCY_BLOCKED,"[""RP16-T01""]"
RP16-T03,NOT_STARTED,NOT_RUN,IMPLEMENTATION_DEPENDENCY_BLOCKED,"[""RP16-T02""]"
RP17-T01,COMPLETE,ENV_BLOCKED,EXISTING_IMPLEMENTATION_PRESERVED,[]
RP17-T02,NOT_STARTED,NOT_RUN,DECISION_INPUT_REQUIRED,[]
RP17-T03,NOT_STARTED,NOT_RUN,IMPLEMENTATION_DEPENDENCY_BLOCKED,"[""RP17-T02""]"
RP18-T01,NOT_STARTED,NOT_RUN,DECISION_INPUT_REQUIRED,[]
RP18-T02,NOT_STARTED,NOT_RUN,IMPLEMENTATION_DEPENDENCY_BLOCKED,"[""RP18-T01""]"
RP18-T03,NOT_STARTED,NOT_RUN,IMPLEMENTATION_DEPENDENCY_BLOCKED,"[""RP18-T02""]"
RP19-T01,COMPLETE,ENV_BLOCKED,EXISTING_IMPLEMENTATION_PRESERVED,[]
RP19-T02,NOT_STARTED,NOT_RUN,IMPLEMENTATION_DEPENDENCY_BLOCKED,"[""RP17-T02"", ""RP18-T01""]"
RP19-T03,NOT_STARTED,NOT_RUN,IMPLEMENTATION_DEPENDENCY_BLOCKED,"[""RP18-T02"", ""RP17-T03""]"
RP19-T04,IN_PROGRESS,ENV_BLOCKED,FINAL_CLOSURE_DEFERRED,[]
