findingId,severity,candidateOnly,frozenDisposition,primaryPackage,localRepairStatus,fixAcceptance,target,release
B01,P1,False,SUPPORTED,RP01,LOCAL_SCOPED_EVIDENCE_AVAILABLE_TARGET_OPEN,NOT_CLOSED,NOT_RUN,NOT_EVALUATED
B17,P2,False,SUPPORTED,RP01,LOCAL_SCOPED_EVIDENCE_AVAILABLE_TARGET_OPEN,NOT_CLOSED,NOT_RUN,NOT_EVALUATED
B14,P1,False,SUPPORTED,RP02,LOCAL_SCOPED_EVIDENCE_AVAILABLE_TARGET_OPEN,NOT_CLOSED,NOT_RUN,NOT_EVALUATED
B15,P2,False,SUPPORTED,RP02,LOCAL_SCOPED_EVIDENCE_AVAILABLE_TARGET_OPEN,NOT_CLOSED,NOT_RUN,NOT_EVALUATED
N-R02-01,P2,False,SUPPORTED,RP03,LOCAL_SCOPED_EVIDENCE_AVAILABLE_TARGET_OPEN,NOT_CLOSED,NOT_RUN,NOT_EVALUATED
N-R02-02,P2,False,SUPPORTED,RP03,LOCAL_SCOPED_EVIDENCE_AVAILABLE_TARGET_OPEN,NOT_CLOSED,NOT_RUN,NOT_EVALUATED
B02,P1,False,SUPPORTED,RP05,LOCAL_SCOPED_EVIDENCE_AVAILABLE_TARGET_OPEN,NOT_CLOSED,NOT_RUN,NOT_EVALUATED
B03,P1,False,SUPPORTED,RP04,LOCAL_SCOPED_EVIDENCE_AVAILABLE_TARGET_OPEN,NOT_CLOSED,NOT_RUN,NOT_EVALUATED
B18,P1,False,SUPPORTED,RP04,LOCAL_SCOPED_EVIDENCE_AVAILABLE_TARGET_OPEN,NOT_CLOSED,NOT_RUN,NOT_EVALUATED
B20,P2,False,SUPPORTED,RP04,LOCAL_SCOPED_EVIDENCE_AVAILABLE_TARGET_OPEN,NOT_CLOSED,NOT_RUN,NOT_EVALUATED
B21,P1,False,SUPPORTED,RP06,LOCAL_SCOPED_EVIDENCE_AVAILABLE_TARGET_OPEN,NOT_CLOSED,NOT_RUN,NOT_EVALUATED
B04,P1,False,SUPPORTED,RP08,LOCAL_SCOPED_EVIDENCE_AVAILABLE_TARGET_OPEN,NOT_CLOSED,NOT_RUN,NOT_EVALUATED
B07,P1,False,SUPPORTED,RP13,LOCAL_SCOPED_EVIDENCE_AVAILABLE_TARGET_OPEN,NOT_CLOSED,NOT_RUN,NOT_EVALUATED
B08,P2,False,SUPPORTED,RP08,LOCAL_SCOPED_EVIDENCE_AVAILABLE_TARGET_OPEN,NOT_CLOSED,NOT_RUN,NOT_EVALUATED
B05,P2,False,SUPPORTED,RP09,LOCAL_SCOPED_EVIDENCE_AVAILABLE_TARGET_OPEN,NOT_CLOSED,NOT_RUN,NOT_EVALUATED
B06,P1,False,SUPPORTED,RP09,LOCAL_SCOPED_EVIDENCE_AVAILABLE_TARGET_OPEN,NOT_CLOSED,NOT_RUN,NOT_EVALUATED
B09,P1,False,SUPPORTED,RP07,LOCAL_SCOPED_EVIDENCE_AVAILABLE_TARGET_OPEN,NOT_CLOSED,NOT_RUN,NOT_EVALUATED
R06-N01,P2,False,SUPPORTED,RP07,LOCAL_SCOPED_EVIDENCE_AVAILABLE_TARGET_OPEN,NOT_CLOSED,NOT_RUN,NOT_EVALUATED
F01,P1,False,SUPPORTED,RP11,LOCAL_SCOPED_EVIDENCE_AVAILABLE_TARGET_OPEN,NOT_CLOSED,NOT_RUN,NOT_EVALUATED
F03,P2,False,SUPPORTED,RP11,LOCAL_SCOPED_EVIDENCE_AVAILABLE_TARGET_OPEN,NOT_CLOSED,NOT_RUN,NOT_EVALUATED
F02,P1,False,SUPPORTED,RP11,LOCAL_SCOPED_EVIDENCE_AVAILABLE_TARGET_OPEN,NOT_CLOSED,NOT_RUN,NOT_EVALUATED
F04,P2,False,SUPPORTED,RP12,LOCAL_SCOPED_EVIDENCE_AVAILABLE_TARGET_OPEN,NOT_CLOSED,NOT_RUN,NOT_EVALUATED
B10,P1,False,SUPPORTED,RP10,LOCAL_SCOPED_EVIDENCE_AVAILABLE_TARGET_OPEN,NOT_CLOSED,NOT_RUN,NOT_EVALUATED
B16,P2,False,SUPPORTED,RP10,IMPLEMENTATION_AND_DATA_INPUT_PENDING,NOT_CLOSED,NOT_RUN,NOT_EVALUATED
B11,P1,False,SUPPORTED,RP14,LOCAL_SCOPED_EVIDENCE_AVAILABLE_TARGET_OPEN,NOT_CLOSED,NOT_RUN,NOT_EVALUATED
B12,P2,False,SUPPORTED,RP14,LOCAL_SCOPED_EVIDENCE_AVAILABLE_TARGET_OPEN,NOT_CLOSED,NOT_RUN,NOT_EVALUATED
B19,P2,False,SUPPORTED,RP05,LOCAL_SCOPED_EVIDENCE_AVAILABLE_TARGET_OPEN,NOT_CLOSED,NOT_RUN,NOT_EVALUATED
B13,P1,False,SUPPORTED,RP16,LOCAL_SCOPED_EVIDENCE_AVAILABLE_TARGET_OPEN,NOT_CLOSED,NOT_RUN,NOT_EVALUATED
D01,P1,False,SUPPORTED,RP17,LOCAL_SCOPED_EVIDENCE_AVAILABLE_TARGET_OPEN,NOT_CLOSED,NOT_RUN,NOT_EVALUATED
R12-N01,P2,True,PENDING,RP19,PENDING_EXTERNAL_COORDINATION_ARBITRATION,NOT_CLOSED,NOT_RUN,NOT_EVALUATED
D02,P2,False,SUPPORTED,RP18,LOCAL_SCOPED_EVIDENCE_AVAILABLE_TARGET_OPEN,NOT_CLOSED,NOT_RUN,NOT_EVALUATED
D03,P2,False,SUPPORTED,RP18,LOCAL_SCOPED_EVIDENCE_AVAILABLE_TARGET_OPEN,NOT_CLOSED,NOT_RUN,NOT_EVALUATED
N-S02-01,P2,False,SUPPORTED,RP11,LOCAL_SCOPED_EVIDENCE_AVAILABLE_TARGET_OPEN,NOT_CLOSED,NOT_RUN,NOT_EVALUATED
