taskId,phase,recordedImplementation,recordedValidation,reviewerReadiness,implementationDependencies,unmetImplementationDependencies,unresolvedImplementationGates,acceptanceDependencies,selectedScope,reviewerIssueIds
RP00-T01,0,COMPLETE,ENV_BLOCKED,IMPLEMENTED_AWAITING_SCOPED_VALIDATION,,,,,任务卡标准范围；以具名批准合同为准,
RP00-T02,0,COMPLETE,PASS,DELIVERED_WITH_RECORDED_PASS,RP00-T01,,,,任务卡标准范围；以具名批准合同为准,
RP00-T03,0,COMPLETE,NOT_RUN,IMPLEMENTED_AWAITING_SCOPED_VALIDATION,RP00-T01,,,,任务卡标准范围；以具名批准合同为准,
RP00-T04,0,COMPLETE,NOT_RUN,IMPLEMENTED_AWAITING_SCOPED_VALIDATION,RP00-T01,,,,任务卡标准范围；以具名批准合同为准,
RP00-T05,0,COMPLETE,NOT_RUN,IMPLEMENTED_AWAITING_SCOPED_VALIDATION,RP00-T01,,,,任务卡标准范围；以具名批准合同为准,
RP01-T01,1,COMPLETE,PASS,REWORK_REQUIRED,RP00-T01,,,,任务卡标准范围；以具名批准合同为准,LR-03
RP01-T02,1,NOT_STARTED,NOT_RUN,WAIT_IMPLEMENTATION_GATE,RP00-T01,,D-S01-01,,先仅账号等级/重置保护；强制改密allowlist需单独D-S01-02,
RP01-T03,1,NOT_STARTED,NOT_RUN,OPTIONAL_DISABLED,RP01-T01,,D-S01-03,,任务卡标准范围；以具名批准合同为准,
RP02-T01,1,COMPLETE,ENV_BLOCKED,REWORK_REQUIRED,RP00-T01,,,,任务卡标准范围；以具名批准合同为准,"LR-01,LR-02,LR-05"
RP02-T02,1,NOT_STARTED,NOT_RUN,WAIT_IMPLEMENTATION_GATE,RP00-T04,,T-RP-09,RP03-T01,任务卡标准范围；以具名批准合同为准,
RP03-T01,2,NOT_STARTED,NOT_RUN,WAIT_IMPLEMENTATION_GATE,RP00-T04,,T-RP-09,,任务卡标准范围；以具名批准合同为准,
RP03-T02,2,NOT_STARTED,NOT_RUN,WAIT_IMPLEMENTATION_GATE,RP00-T01,,"D-S01-04,T-RP-09,S03-OI-06",RP02-T02,任务卡标准范围；以具名批准合同为准,
RP04-T01,1,COMPLETE,ENV_BLOCKED,IMPLEMENTED_AWAITING_SCOPED_VALIDATION,RP00-T01,,,,任务卡标准范围；以具名批准合同为准,
RP04-T02,1,COMPLETE,ENV_BLOCKED,REWORK_REQUIRED,RP00-T01,,,RP09-T01,任务卡标准范围；以具名批准合同为准,LR-04
RP05-T01,1,COMPLETE,ENV_BLOCKED,REWORK_REQUIRED,RP00-T01,,,,任务卡标准范围；以具名批准合同为准,LR-06
RP05-T02,1,NOT_STARTED,NOT_RUN,WAIT_IMPLEMENTATION_GATE,RP05-T01,,"D-S01-08,T-RP-07,S03-OI-05",,任务卡标准范围；以具名批准合同为准,
RP05-T03,1,NOT_STARTED,NOT_RUN,OPTIONAL_DISABLED,RP05-T02,RP05-T02,D-S01-08,,任务卡标准范围；以具名批准合同为准,
RP06-T01,1,NOT_STARTED,NOT_RUN,WAIT_IMPLEMENTATION_GATE,RP00-T01,,D-S01-05,,任务卡标准范围；以具名批准合同为准,
RP06-T02,1,NOT_STARTED,NOT_RUN,WAIT_IMPLEMENTATION_DEPENDENCY,"RP06-T01,RP07-T02","RP06-T01,RP07-T02",D-S01-06,,任务卡标准范围；以具名批准合同为准,
RP07-T01,1,COMPLETE,ENV_BLOCKED,IMPLEMENTED_AWAITING_SCOPED_VALIDATION,RP04-T01,,,,任务卡标准范围；以具名批准合同为准,
RP07-T02,1,NOT_STARTED,NOT_RUN,WAIT_IMPLEMENTATION_GATE,RP00-T01,,"D-S01-06,S03-OI-07",,任务卡标准范围；以具名批准合同为准,
RP08-T01,1,NOT_STARTED,NOT_RUN,READY_FOR_SELECTED_IMPLEMENTATION_SCOPE,RP00-T01,,,,普通实体/字段/own-only读权限；不启用注册项目全局例外,
RP08-T02,1,NOT_STARTED,NOT_RUN,WAIT_IMPLEMENTATION_DEPENDENCY,RP08-T01,RP08-T01,"T-RP-04,T-RP-12",RP11-T01,任务卡标准范围；以具名批准合同为准,
RP09-T01,2,NOT_STARTED,NOT_RUN,WAIT_IMPLEMENTATION_GATE,RP00-T02,,T-RP-02,,按批准T-RP-02实施非delete事务/回执；不改变delete adapter,
RP09-T02,2,NOT_STARTED,NOT_RUN,WAIT_IMPLEMENTATION_DEPENDENCY,RP09-T01,RP09-T01,T-RP-02,,任务卡标准范围；以具名批准合同为准,
RP10-T01,2,NOT_STARTED,NOT_RUN,WAIT_IMPLEMENTATION_GATE,RP00-T03,,T-RP-03,,仅字段/status/assignee CAS；不改变stale-delete规则,
RP10-T02,2,NOT_STARTED,NOT_RUN,READY_FOR_SELECTED_IMPLEMENTATION_SCOPE,RP00-T01,,,RP09-T01,同一revision报告快照/版本原子性；维持当前source-state行为,
RP10-T03,2,NOT_STARTED,NOT_RUN,WAIT_IMPLEMENTATION_DEPENDENCY,RP10-T02,RP10-T02,D-S01-07,,任务卡标准范围；以具名批准合同为准,
RP11-T01,1,NOT_STARTED,NOT_RUN,WAIT_IMPLEMENTATION_GATE,RP00-T01,,"T-RP-09,T-RP-12",,任务卡标准范围；以具名批准合同为准,
RP11-T02,1,NOT_STARTED,NOT_RUN,WAIT_IMPLEMENTATION_DEPENDENCY,RP11-T01,RP11-T01,T-RP-01,,任务卡标准范围；以具名批准合同为准,
RP11-T03,1,NOT_STARTED,NOT_RUN,WAIT_IMPLEMENTATION_DEPENDENCY,RP11-T01,RP11-T01,T-RP-12,,任务卡标准范围；以具名批准合同为准,
RP12-T01,3,NOT_STARTED,NOT_RUN,WAIT_IMPLEMENTATION_DEPENDENCY,"RP00-T02,RP11-T01",RP11-T01,T-RP-11,,任务卡标准范围；以具名批准合同为准,
RP12-T02,3,NOT_STARTED,NOT_RUN,WAIT_IMPLEMENTATION_DEPENDENCY,"RP12-T01,RP09-T01,RP11-T03","RP12-T01,RP09-T01,RP11-T03","T-RP-02,T-RP-12",,任务卡标准范围；以具名批准合同为准,
RP13-T01,3,COMPLETE,ENV_BLOCKED,IMPLEMENTED_AWAITING_SCOPED_VALIDATION,RP00-T01,,,RP11-T01,任务卡标准范围；以具名批准合同为准,
RP13-T02,3,IN_PROGRESS,NOT_RUN,READY_FOR_SELECTED_IMPLEMENTATION_SCOPE,RP13-T01,,,,未签署ADR及自有PG barrier证据；不发布水位方案或迁移,
RP13-T03,3,NOT_STARTED,NOT_RUN,WAIT_IMPLEMENTATION_DEPENDENCY,"RP13-T02,RP09-T01,RP08-T02,RP11-T02","RP13-T02,RP09-T01,RP08-T02,RP11-T02","T-RP-04,T-RP-10,D-S01-08",,待依赖和水位/epoch合同获准；不假定delete/live语义获准,
RP14-T01,1,COMPLETE,ENV_BLOCKED,IMPLEMENTED_AWAITING_SCOPED_VALIDATION,RP00-T01,,,,任务卡标准范围；以具名批准合同为准,
RP14-T02,1,NOT_STARTED,NOT_RUN,WAIT_IMPLEMENTATION_GATE,RP14-T01,,T-RP-05,,任务卡标准范围；以具名批准合同为准,
RP15-T01,4,IN_PROGRESS,ENV_BLOCKED,PREPARATION_READY_ACTUAL_DATA_ENV_BLOCKED,RP00-T01,,,,可准备只读查询；实际统计等待获准只读副本,
RP15-T02,4,NOT_STARTED,NOT_RUN,WAIT_IMPLEMENTATION_DEPENDENCY,"RP15-T01,RP05-T01",RP15-T01,"D-S01-08,T-RP-11",,任务卡标准范围；以具名批准合同为准,
RP15-T03,4,NOT_STARTED,NOT_RUN,WAIT_IMPLEMENTATION_DEPENDENCY,RP15-T02,RP15-T02,D-S01-08,,任务卡标准范围；以具名批准合同为准,
RP16-T01,4,NOT_STARTED,NOT_RUN,WAIT_IMPLEMENTATION_GATE,RP00-T01,,T-RP-06,,任务卡标准范围；以具名批准合同为准,
RP16-T02,4,NOT_STARTED,NOT_RUN,WAIT_IMPLEMENTATION_DEPENDENCY,RP16-T01,RP16-T01,T-RP-06,,任务卡标准范围；以具名批准合同为准,
RP16-T03,4,NOT_STARTED,NOT_RUN,WAIT_IMPLEMENTATION_DEPENDENCY,RP16-T02,RP16-T02,T-RP-10,,任务卡标准范围；以具名批准合同为准,
RP17-T01,1,COMPLETE,ENV_BLOCKED,IMPLEMENTED_AWAITING_SCOPED_VALIDATION,RP00-T01,,,,任务卡标准范围；以具名批准合同为准,
RP17-T02,1,NOT_STARTED,NOT_RUN,WAIT_IMPLEMENTATION_GATE,RP17-T01,,T-RP-11,,任务卡标准范围；以具名批准合同为准,
RP17-T03,1,NOT_STARTED,NOT_RUN,WAIT_IMPLEMENTATION_DEPENDENCY,RP17-T02,RP17-T02,,,任务卡标准范围；以具名批准合同为准,
RP18-T01,2,NOT_STARTED,NOT_RUN,WAIT_IMPLEMENTATION_GATE,RP00-T01,,"T-RP-08,T-RP-09",,任务卡标准范围；以具名批准合同为准,
RP18-T02,2,NOT_STARTED,NOT_RUN,WAIT_IMPLEMENTATION_DEPENDENCY,RP18-T01,RP18-T01,T-RP-13,,任务卡标准范围；以具名批准合同为准,
RP18-T03,2,NOT_STARTED,NOT_RUN,WAIT_IMPLEMENTATION_DEPENDENCY,RP18-T02,RP18-T02,T-RP-08,,任务卡标准范围；以具名批准合同为准,
RP19-T01,5,COMPLETE,ENV_BLOCKED,IMPLEMENTED_AWAITING_SCOPED_VALIDATION,RP00-T01,,,,任务卡标准范围；以具名批准合同为准,
RP19-T02,5,NOT_STARTED,NOT_RUN,WAIT_IMPLEMENTATION_DEPENDENCY,"RP19-T01,RP17-T02,RP18-T01","RP17-T02,RP18-T01",T-RP-10,,任务卡标准范围；以具名批准合同为准,
RP19-T03,5,NOT_STARTED,NOT_RUN,WAIT_IMPLEMENTATION_DEPENDENCY,"RP18-T02,RP17-T03,RP00-T05","RP18-T02,RP17-T03",T-RP-13,,任务卡标准范围；以具名批准合同为准,
RP19-T04,5,IN_PROGRESS,ENV_BLOCKED,DEFER_PROGRAMME_CLOSURE,RP00-T01,,,,保留中间对账，整体关闭放在最终收口,
