caseId,scope,precondition,action,expected,boundary,sourceContract,status
AC-TRP02-01,合法认证+非空成功,已认证 actor 对可见 project 发起 sync push（含 clientMutationId+规范化 payload）,push 单条 upsert,服务端业务写入成功且生成带 actor/device/resourceScope/key/payloadHash 的作用域回执；返回 applied,作用域键与 payloadHash 落库；HTTP 通道已有同等保证（mutationReceipt），此处补齐同步通道,T-RP-02/PC03,PROPOSED_NOT_RUN
AC-TRP02-02,真实副作用,同 AC-TRP02-01,核查 DB 业务表与 SyncMutation 回执,业务行已变更且回执 status=applied 与业务结果一致；审计就绪,拒绝“无副作用假成功”；与 RP00-T02 FP-05/B06 的反例对照,T-RP-02/PC03/B06,PROPOSED_NOT_RUN
AC-TRP02-03,同 key 重放,已存在 applied 回执的 clientMutationId 再次 push（同 payload/actor/device）,重复 push 同 key,返回首次结果 replayed=true，不重复写业务；无新副作用,首次响应/同 key 重放边界；参照 receipts.js L100-104 回放语义,T-RP-02/PC03,PROPOSED_NOT_RUN
AC-TRP02-04,跨 actor 同 key,actor A 已写回执的 clientMutationId 被 actor B 用同源 payload 查询/重放,跨 actor 同 key 请求,返回 unknown/404；绝不回放 A 的回执或写 B 的副作用,当前 sync.js L523-527 全局 key 查询缺 actor 过滤，须补齐；禁止跨 actor 重放,T-RP-02/PC03/B05,PROPOSED_NOT_RUN
AC-TRP02-05,跨 resource 同 key,actor 对无权限 project 的 clientMutationId 发起/查询,越权 resource 请求,按 unknown 处理且不计副作用；资源授权在查询前完成,参照 PC02 授权隔离；与窗口 D 认证边界对齐,T-RP-02/PC02/PC03,PROPOSED_NOT_RUN
AC-TRP02-06,不同 payload 同 key,已存在回执的 clientMutationId 用不同规范化 payload 重放,异 payload 重放,409 IDEMPOTENCY_PAYLOAD_MISMATCH；不回放旧结果,复用 receipts.js L50-57 语义；当前 SyncMutation 无 payloadHash 字段，须补齐,T-RP-02/PC03,PROPOSED_NOT_RUN
AC-TRP02-07,提交前 500,业务写前（设备/可见性/回执预取）失败,触发前置 500,无业务副作用；前端保留 outbox，可原 key/hash 重试,对应 RP00-T02 FP-02；保留客户端最后副本,T-RP-02/PC03,PROPOSED_NOT_RUN
AC-TRP02-08,提交后 500（B06 复现防护）,业务写已提交、回执 upsert 失败,注入回执写失败,因业务写与回执同事务，整体回滚无半成品；无 500 伴“已提交无回执”,消除 B06（RP00-T02 FP-05）；须单事务实现,T-RP-02/PC03/B06,PROPOSED_NOT_RUN
AC-TRP02-09,unknown 态查询,查无回执或 actor/device 不匹配的 clientMutationId,按 key 查询,返回 status=unknown（非命中）；可重试查询或原 key/hash 重试,当前 /sync/status 仅聚合计数（sync.js L762-773），须新增按 key 授权查询,T-RP-02/PC03,PROPOSED_NOT_RUN
AC-TRP02-10,expired 态查询,回执存在但 expiresAt 已过,按 key 查询,返回 status=expired；禁止自动换 key 重做；交由业务/人工恢复,须定义保留窗与清理 job（S03-OI-04 OPEN）；最大离线窗=保留窗,T-RP-02/PC03/S03-OI-04,PROPOSED_NOT_RUN
AC-TRP02-11,离线恢复,客户端在 expiresAt 前离线后重连,原 outbox 同 key/hash 重放或按 key 查询,安全重放/查询命中；超窗则 expired 交由人工,保留客户端最后副本直到 outcome 已知（RP00-T02 FP-08/FP-09/FP-10）,T-RP-02/PC03,PROPOSED_NOT_RUN
AC-TRP02-12,delete 范围的作用域/回执（仅限 delete op）,T-RP-07/S03-OI-05 涉及的 delete 命令适配器变更,delete op 的 sync push 与回执,delete 作用域/回执遵循本决策，但仅在对应 delete 范围生效,必要 T-RP-07/S03-OI-05 只在 delete 范围；不扩大或略过,T-RP-02/T-RP-07/S03-OI-05,PROPOSED_NOT_RUN
AC-TRP02-13,保留窗配置,部署配置保留期（建议 24h 对齐 RECEIPT_TTL_MS）,读取/校验 expiresAt 窗口,默认 24h；更长离线窗需产品/运维批准（建议待批准），清理 job 频率待定,无源码默认值的数值须“建议待批准”，不编造既有设置,T-RP-02/S03-OI-04,PROPOSED_NOT_RUN
