case_id,finding_id,primary_package,purpose,environment,target_behavior,required_evidence,result
AC-B01-01,B01,RP01,FIX_ACCEPTANCE,ISOLATED_POSTGRES_API,ADMIN reset of SUPER_ADMIN is rejected and causes no credential/session changes,command+exit code+logs+actual durable/DB state+cleanup,NOT_RUN
AC-B01-02,B01,RP01,FIX_ACCEPTANCE,ISOLATED_POSTGRES_API,Permitted normal-target reset invalidates old refresh sessions,command+exit code+logs+actual durable/DB state+cleanup,NOT_RUN
AC-B01-03,B01,RP01,FIX_ACCEPTANCE,ISOLATED_POSTGRES_API,force-change user cannot use ordinary business endpoints,command+exit code+logs+actual durable/DB state+cleanup,NOT_RUN
AC-B01-04,B01,RP01,FIX_ACCEPTANCE,ISOLATED_POSTGRES_API,revocation/audit failure has documented consistent state semantics,command+exit code+logs+actual durable/DB state+cleanup,NOT_RUN
AC-B17-01,B17,RP01,FIX_ACCEPTANCE,ISOLATED_POSTGRES_API,Authorized valid code/name returns 201 and isSystem=false,command+exit code+logs+actual durable/DB state+cleanup,NOT_RUN
AC-B17-02,B17,RP01,FIX_ACCEPTANCE,ISOLATED_POSTGRES_API,Duplicate/invalid code rejected,command+exit code+logs+actual durable/DB state+cleanup,NOT_RUN
AC-B17-03,B17,RP01,FIX_ACCEPTANCE,ISOLATED_POSTGRES_API,"Client cannot set id, permission links or audit/system fields",command+exit code+logs+actual durable/DB state+cleanup,NOT_RUN
AC-B14-01,B14,RP02,FIX_ACCEPTANCE,ISOLATED_POSTGRES_API,The fifth failure enters the documented lock state.,command+exit code+logs+actual durable/DB state+cleanup,NOT_RUN
AC-B14-02,B14,RP02,FIX_ACCEPTANCE,ISOLATED_POSTGRES_API,"At expiry, the documented automatic or manual recovery flow succeeds with correct credentials.",command+exit code+logs+actual durable/DB state+cleanup,NOT_RUN
AC-B14-03,B14,RP02,FIX_ACCEPTANCE,ISOLATED_POSTGRES_API,DISABLED remains rejected.,command+exit code+logs+actual durable/DB state+cleanup,NOT_RUN
AC-B14-04,B14,RP02,FIX_ACCEPTANCE,ISOLATED_POSTGRES_API,Successful login clears failure count and timed-lock data.,command+exit code+logs+actual durable/DB state+cleanup,NOT_RUN
AC-B15-01,B15,RP02,FIX_ACCEPTANCE,ISOLATED_POSTGRES_API,Controlled concurrent use of one refresh token yields at most one successor.,command+exit code+logs+actual durable/DB state+cleanup,NOT_RUN
AC-B15-02,B15,RP02,FIX_ACCEPTANCE,ISOLATED_POSTGRES_API,A replay follows documented family-level response and cannot create another active branch.,command+exit code+logs+actual durable/DB state+cleanup,NOT_RUN
AC-B15-03,B15,RP02,FIX_ACCEPTANCE,ISOLATED_POSTGRES_API,"Any failure after consuming a token leaves a recoverable, observable session outcome.",command+exit code+logs+actual durable/DB state+cleanup,NOT_RUN
AC-B15-04,B15,RP02,FIX_ACCEPTANCE,ISOLATED_POSTGRES_API,Response expiresIn equals the access JWT remaining lifetime.,command+exit code+logs+actual durable/DB state+cleanup,NOT_RUN
AC-N-R02-01-01,N-R02-01,RP03,FIX_ACCEPTANCE,ISOLATED_BROWSER,"In two-browser-context controlled response ordering, a losing old-token response cannot clear a newer stored token.",command+exit code+logs+actual durable/DB state+cleanup,NOT_RUN
AC-N-R02-01-02,N-R02-01,RP03,FIX_ACCEPTANCE,ISOLATED_BROWSER,A genuinely invalid current refresh still clears local session and routes to login.,command+exit code+logs+actual durable/DB state+cleanup,NOT_RUN
AC-N-R02-02-01,N-R02-02,RP03,FIX_ACCEPTANCE,ISOLATED_POSTGRES_API,"After the chosen contract window, old access and refresh credentials are both rejected following self-change and administrator reset.",command+exit code+logs+actual durable/DB state+cleanup,NOT_RUN
AC-N-R02-02-02,N-R02-02,RP03,FIX_ACCEPTANCE,ISOLATED_POSTGRES_API,New login using the resulting password works and must-change behavior remains enforced according to policy.,command+exit code+logs+actual durable/DB state+cleanup,NOT_RUN
AC-B02-01,B02,RP05,FIX_ACCEPTANCE,ISOLATED_POSTGRES_API,Actor without tasks.delete cannot remove tasks through any project update payload.,command+exit code+logs+actual durable/DB state+cleanup,NOT_RUN
AC-B02-02,B02,RP05,FIX_ACCEPTANCE,ISOLATED_POSTGRES_API,Updates preserve unchanged task IDs and associations.,command+exit code+logs+actual durable/DB state+cleanup,NOT_RUN
AC-B02-03,B02,RP05,FIX_ACCEPTANCE,ISOLATED_POSTGRES_API,Authorized deletion creates the documented tombstone or equivalent sync event.,command+exit code+logs+actual durable/DB state+cleanup,NOT_RUN
AC-B03-01,B03,RP04,FIX_ACCEPTANCE,ISOLATED_POSTGRES_API,Legal project status transition succeeds and illegal transition remains rejected.,command+exit code+logs+actual durable/DB state+cleanup,NOT_RUN
AC-B03-02,B03,RP04,FIX_ACCEPTANCE,ISOLATED_POSTGRES_API,Template without explicit date derives schedule from stored project startDate.,command+exit code+logs+actual durable/DB state+cleanup,NOT_RUN
AC-B03-03,B03,RP04,FIX_ACCEPTANCE,ISOLATED_POSTGRES_API,Ordinary edit with unchanged status remains valid.,command+exit code+logs+actual durable/DB state+cleanup,NOT_RUN
AC-B18-01,B18,RP04,FIX_ACCEPTANCE,ISOLATED_POSTGRES_API,Fault at each child write leaves no partial project aggregate.,command+exit code+logs+actual durable/DB state+cleanup,NOT_RUN
AC-B18-02,B18,RP04,FIX_ACCEPTANCE,ISOLATED_POSTGRES_API,Retry with same idempotency key does not duplicate project or children.,command+exit code+logs+actual durable/DB state+cleanup,NOT_RUN
AC-B18-03,B18,RP04,FIX_ACCEPTANCE,ISOLATED_POSTGRES_API,Audit/recovery outcome is observable when audit cannot share the transaction.,command+exit code+logs+actual durable/DB state+cleanup,NOT_RUN
AC-B20-01,B20,RP04,FIX_ACCEPTANCE,ISOLATED_POSTGRES_API,"Soft-deleted projects are absent from list, total count, search and ordinary statistics.",command+exit code+logs+actual durable/DB state+cleanup,NOT_RUN
AC-B20-02,B20,RP04,FIX_ACCEPTANCE,ISOLATED_POSTGRES_API,Detail continues returning not found for deleted projects.,command+exit code+logs+actual durable/DB state+cleanup,NOT_RUN
AC-B20-03,B20,RP04,FIX_ACCEPTANCE,ISOLATED_POSTGRES_API,"Dedicated recycle-bin query, if present, remains explicit.",command+exit code+logs+actual durable/DB state+cleanup,NOT_RUN
AC-B21-01,B21,RP06,FIX_ACCEPTANCE,ISOLATED_POSTGRES_API,"Test list/stats/detail/update/stage/profile for missing system permission, member capability, nonmember, left member, deleted project, and SUPER_ADMIN exception.",command+exit code+logs+actual durable/DB state+cleanup,NOT_RUN
AC-B21-02,B21,RP06,FIX_ACCEPTANCE,ISOLATED_POSTGRES_API,Unauthorized operations return the documented status and leave project/profile state unchanged.,command+exit code+logs+actual durable/DB state+cleanup,NOT_RUN
AC-B21-03,B21,RP06,FIX_ACCEPTANCE,ISOLATED_POSTGRES_API,SUPER_ADMIN nonmember access follows the shared elevated audit policy.,command+exit code+logs+actual durable/DB state+cleanup,NOT_RUN
AC-B21-04,B21,RP06,FIX_ACCEPTANCE,ISOLATED_POSTGRES_API,Manager transfer updates or deliberately preserves membership according to an explicit policy.,command+exit code+logs+actual durable/DB state+cleanup,NOT_RUN
AC-B04-01,B04,RP08,FIX_ACCEPTANCE,ISOLATED_POSTGRES_API,Any entity denied by equivalent online read authorization is absent from sync response.,command+exit code+logs+actual durable/DB state+cleanup,NOT_RUN
AC-B04-02,B04,RP08,FIX_ACCEPTANCE,ISOLATED_POSTGRES_API,Revoking one entity permission in a still-visible project removes its cached rows and prevents future pulls.,command+exit code+logs+actual durable/DB state+cleanup,NOT_RUN
AC-B04-03,B04,RP08,FIX_ACCEPTANCE,ISOLATED_POSTGRES_API,Own-only reports remain restricted to their author.,command+exit code+logs+actual durable/DB state+cleanup,NOT_RUN
AC-B07-01,B07,RP13,FIX_ACCEPTANCE,ISOLATED_POSTGRES_API,More than 3000 upserts and 5000 tombstones are fully paged before checkpoint commit.,command+exit code+logs+actual durable/DB state+cleanup,NOT_RUN
AC-B07-02,B07,RP13,FIX_ACCEPTANCE,ISOLATED_POSTGRES_API,Equal timestamp rows are neither skipped nor duplicated.,command+exit code+logs+actual durable/DB state+cleanup,NOT_RUN
AC-B07-03,B07,RP13,FIX_ACCEPTANCE,ISOLATED_POSTGRES_API,"A concurrent write is returned in this or the following pull, never behind an already committed cursor.",command+exit code+logs+actual durable/DB state+cleanup,NOT_RUN
AC-B08-01,B08,RP08,FIX_ACCEPTANCE,ISOLATED_POSTGRES_API,A user with an existing cursor who joins an old project receives its current project and historical rows.,command+exit code+logs+actual durable/DB state+cleanup,NOT_RUN
AC-B08-02,B08,RP08,FIX_ACCEPTANCE,ISOLATED_POSTGRES_API,Revoke/leave removes local data before the new ACL version is committed.,command+exit code+logs+actual durable/DB state+cleanup,NOT_RUN
AC-B08-03,B08,RP08,FIX_ACCEPTANCE,ISOLATED_POSTGRES_API,Leave/rejoin and role changes produce complete permission-aware refreshes.,command+exit code+logs+actual durable/DB state+cleanup,NOT_RUN
AC-B05-01,B05,RP09,FIX_ACCEPTANCE,ISOLATED_POSTGRES_API,Known key replay by another actor is denied after current resource authorization.,command+exit code+logs+actual durable/DB state+cleanup,NOT_RUN
AC-B05-02,B05,RP09,FIX_ACCEPTANCE,ISOLATED_POSTGRES_API,Same actor/resource/key with changed payload returns 409 and does not replay.,command+exit code+logs+actual durable/DB state+cleanup,NOT_RUN
AC-B05-03,B05,RP09,FIX_ACCEPTANCE,ISOLATED_POSTGRES_API,Same actor/resource/key with identical payload returns the original result.,command+exit code+logs+actual durable/DB state+cleanup,NOT_RUN
AC-B06-01,B06,RP09,FIX_ACCEPTANCE,ISOLATED_POSTGRES_API,Receipt persistence failure rolls back that mutation's business state and required audit.,command+exit code+logs+actual durable/DB state+cleanup,NOT_RUN
AC-B06-02,B06,RP09,FIX_ACCEPTANCE,ISOLATED_POSTGRES_API,Successful business write and success receipt commit together and can be replayed.,command+exit code+logs+actual durable/DB state+cleanup,NOT_RUN
AC-B06-03,B06,RP09,FIX_ACCEPTANCE,ISOLATED_POSTGRES_API,A partially completed multi-item batch reports/reconstructs each item without requiring all-batch rollback.,command+exit code+logs+actual durable/DB state+cleanup,NOT_RUN
AC-B09-01,B09,RP07,FIX_ACCEPTANCE,ISOLATED_POSTGRES_API,A projects.update-only MEMBER cannot archive by sync.,command+exit code+logs+actual durable/DB state+cleanup,NOT_RUN
AC-B09-02,B09,RP07,FIX_ACCEPTANCE,ISOLATED_POSTGRES_API,An actor with archive permission still cannot take an edge absent from STATUS_TRANSITIONS.,command+exit code+logs+actual durable/DB state+cleanup,NOT_RUN
AC-B09-03,B09,RP07,FIX_ACCEPTANCE,ISOLATED_POSTGRES_API,HTTP and sync apply identical authorization and transition rules.,command+exit code+logs+actual durable/DB state+cleanup,NOT_RUN
AC-R06-N01-01,R06-N01,RP07,FIX_ACCEPTANCE,ISOLATED_POSTGRES_API,Equivalent managerId changes from HTTP and sync leave project.managerId and active ProjectMember roles consistent.,command+exit code+logs+actual durable/DB state+cleanup,NOT_RUN
AC-R06-N01-02,R06-N01,RP07,FIX_ACCEPTANCE,ISOLATED_POSTGRES_API,Resolver visibility and capability access for the new and previous manager match the documented policy.,command+exit code+logs+actual durable/DB state+cleanup,NOT_RUN
AC-R06-N01-03,R06-N01,RP07,FIX_ACCEPTANCE,ISOLATED_POSTGRES_API,Failure during membership synchronization rolls back the managerId change.,command+exit code+logs+actual durable/DB state+cleanup,NOT_RUN
AC-F01-01,F01,RP11,FIX_ACCEPTANCE,ISOLATED_BROWSER,断网刷新时 A 的待同步变更不因 bootstrapping 而清除。,command+exit code+logs+actual durable/DB state+cleanup,NOT_RUN
AC-F01-02,F01,RP11,FIX_ACCEPTANCE,ISOLATED_BROWSER,显式退出后 A 的队列只能由 A 恢复，不由 B 代发；A 再登录可重试。,command+exit code+logs+actual durable/DB state+cleanup,NOT_RUN
AC-F01-03,F01,RP11,FIX_ACCEPTANCE,ISOLATED_BROWSER,快速退出/登录时旧会话清理不能删除新账号数据。,command+exit code+logs+actual durable/DB state+cleanup,NOT_RUN
AC-F03-01,F03,RP11,FIX_ACCEPTANCE,ISOLATED_BROWSER,同一共享项目中 A 写入/拉取的缓存不会被 B 的缓存读取 API 返回。,command+exit code+logs+actual durable/DB state+cleanup,NOT_RUN
AC-F03-02,F03,RP11,FIX_ACCEPTANCE,ISOLATED_BROWSER,在线请求失败时每个缓存消费者仅显示当前用户获准数据。,command+exit code+logs+actual durable/DB state+cleanup,NOT_RUN
AC-F03-03,F03,RP11,FIX_ACCEPTANCE,ISOLATED_BROWSER,A 再登录可恢复其缓存；旧版本存储升级不会丢失 outbox。,command+exit code+logs+actual durable/DB state+cleanup,NOT_RUN
AC-F02-01,F02,RP11,FIX_ACCEPTANCE,ISOLATED_BROWSER,冲突记录写入失败时原 outbox 项仍在；事务提交成功后只存在一份可恢复的 conflict payload。,command+exit code+logs+actual durable/DB state+cleanup,NOT_RUN
AC-F02-02,F02,RP11,FIX_ACCEPTANCE,ISOLATED_BROWSER,对存储失败点重启后验证 payload 可再次处置；重复回包不丢失且不重复产生冲突副本。,command+exit code+logs+actual durable/DB state+cleanup,NOT_RUN
AC-F04-01,F04,RP12,FIX_ACCEPTANCE,ISOLATED_BROWSER,501/1001 条队列可分批推进，批间失败只保留未确认与依赖未满足的项目。,command+exit code+logs+actual durable/DB state+cleanup,NOT_RUN
AC-F04-02,F04,RP12,FIX_ACCEPTANCE,ISOLATED_BROWSER,父子实体依赖顺序有协议表达并按需等待；字节预算达到阈值时主动切批。,command+exit code+logs+actual durable/DB state+cleanup,NOT_RUN
AC-F04-03,F04,RP12,FIX_ACCEPTANCE,ISOLATED_BROWSER,响应缺项、重复 mutationId、未知 status、超时均不得删除未确认 payload；重启后状态仍一致。,command+exit code+logs+actual durable/DB state+cleanup,NOT_RUN
AC-B10-01,B10,RP10,FIX_ACCEPTANCE,ISOLATED_POSTGRES_API,控制保存与提交交错时，快照与成功提交的同一revision一致；过期基线返回409且不留版本/receipt。,command+exit code+logs+actual durable/DB state+cleanup,NOT_RUN
AC-B10-02,B10,RP10,FIX_ACCEPTANCE,ISOLATED_POSTGRES_API,已SUBMITTED记录以新幂等键提交按状态规则拒绝。,command+exit code+logs+actual durable/DB state+cleanup,NOT_RUN
AC-B10-03,B10,RP10,FIX_ACCEPTANCE,ISOLATED_POSTGRES_API,并发版本分配不会产生重复版本或部分状态。,command+exit code+logs+actual durable/DB state+cleanup,NOT_RUN
AC-B16-01,B16,RP10,FIX_ACCEPTANCE,ISOLATED_POSTGRES_API,两客户端同revision首写成功、第二写409且不会覆盖首写。,command+exit code+logs+actual durable/DB state+cleanup,NOT_RUN
AC-B16-02,B16,RP10,FIX_ACCEPTANCE,ISOLATED_POSTGRES_API,覆盖普通字段、状态、指派及混合PUT与状态PATCH。,command+exit code+logs+actual durable/DB state+cleanup,NOT_RUN
AC-B16-03,B16,RP10,FIX_ACCEPTANCE,ISOLATED_POSTGRES_API,modern client缺基线拒绝；旧兼容路径有清晰期限和审计。,command+exit code+logs+actual durable/DB state+cleanup,NOT_RUN
AC-B11-01,B11,RP14,FIX_ACCEPTANCE,ISOLATED_POSTGRES_API,"INFECTED files are rejected by /files/:id, /files/:id/download, and regulatory original-file alias.",command+exit code+logs+actual durable/DB state+cleanup,NOT_RUN
AC-B11-02,B11,RP14,FIX_ACCEPTANCE,ISOLATED_POSTGRES_API,Scan policy for FAILED and SKIPPED states is explicit and does not imply a scan passed.,command+exit code+logs+actual durable/DB state+cleanup,NOT_RUN
AC-B11-03,B11,RP14,FIX_ACCEPTANCE,ISOLATED_POSTGRES_API,All denied infected reads emit the required audit event.,command+exit code+logs+actual durable/DB state+cleanup,NOT_RUN
AC-B12-01,B12,RP14,FIX_ACCEPTANCE,ISOLATED_POSTGRES_API,Ordinary nonmembers remain denied.,command+exit code+logs+actual durable/DB state+cleanup,NOT_RUN
AC-B12-02,B12,RP14,FIX_ACCEPTANCE,ISOLATED_POSTGRES_API,Project members are evaluated using the declared project role and file scope.,command+exit code+logs+actual durable/DB state+cleanup,NOT_RUN
AC-B12-03,B12,RP14,FIX_ACCEPTANCE,ISOLATED_POSTGRES_API,SUPER_ADMIN nonmember access requires the intended system permission and emits elevated audit.,command+exit code+logs+actual durable/DB state+cleanup,NOT_RUN
AC-B19-01,B19,RP05,FIX_ACCEPTANCE,ISOLATED_POSTGRES_API,Sync and online paths reject parent links across projects.,command+exit code+logs+actual durable/DB state+cleanup,NOT_RUN
AC-B19-02,B19,RP05,FIX_ACCEPTANCE,ISOLATED_POSTGRES_API,All cycle lengths are rejected while valid same-project trees remain writable.,command+exit code+logs+actual durable/DB state+cleanup,NOT_RUN
AC-B19-03,B19,RP05,FIX_ACCEPTANCE,ISOLATED_POSTGRES_API,Recursive operations carry projectId and cannot cross project scope.,command+exit code+logs+actual durable/DB state+cleanup,NOT_RUN
AC-B19-04,B19,RP05,FIX_ACCEPTANCE,ISOLATED_POSTGRES_API,Legacy anomalous edges are reconciled only under an approved data plan.,command+exit code+logs+actual durable/DB state+cleanup,NOT_RUN
AC-B13-01,B13,RP16,FIX_ACCEPTANCE,ISOLATED_POSTGRES_API,Per-table reported inserted/updated/deleted counts equal database effects for every supported table.,command+exit code+logs+actual durable/DB state+cleanup,NOT_RUN
AC-B13-02,B13,RP16,FIX_ACCEPTANCE,ISOLATED_POSTGRES_API,Duplicate payload values for every single and composite unique constraint are rejected before writes or cause explicit full rollback.,command+exit code+logs+actual durable/DB state+cleanup,NOT_RUN
AC-B13-03,B13,RP16,FIX_ACCEPTANCE,ISOLATED_POSTGRES_API,Test the 500/501 check boundary and target changes between preview and apply in isolated environments.,command+exit code+logs+actual durable/DB state+cleanup,NOT_RUN
AC-B13-04,B13,RP16,FIX_ACCEPTANCE,ISOLATED_POSTGRES_API,"Reconcile restored primary keys, unique keys, FKs, and attachment/file references before reporting success.",command+exit code+logs+actual durable/DB state+cleanup,NOT_RUN
AC-D01-01,D01,RP17,FIX_ACCEPTANCE,ISOLATED_LINUX,"On target Linux in a disposable path, after two add/change/delete rounds, first snapshot manifest and bytes remain unchanged and the second is complete before latest is advanced.",command+exit code+logs+actual durable/DB state+cleanup,NOT_RUN
AC-R12-N01-01,R12-N01,RP19,CANDIDATE_EVIDENCE,ISOLATED_DB_FILES,"An isolated test with adjacent file metadata and binary add/change/delete operations proves a paired restore is coherent, and a mismatched pair/checksum is rejected before acceptance.",command+exit code+logs+actual durable/DB state+cleanup,NOT_RUN
AC-D02-01,D02,RP18,FIX_ACCEPTANCE,ISOLATED_LINUX,An isolated candidate-only contract failure blocks before database migration and symlink cutover while current remains healthy.,command+exit code+logs+actual durable/DB state+cleanup,NOT_RUN
AC-D02-02,D02,RP18,FIX_ACCEPTANCE,ISOLATED_LINUX,Successful gate records the same candidate commit/build identity later served by health/readiness and smoke.,command+exit code+logs+actual durable/DB state+cleanup,NOT_RUN
AC-D03-01,D03,RP18,FIX_ACCEPTANCE,ISOLATED_LINUX,Isolated configuration with only documented names yields the documented CORS allowlist and rejects unlisted origins.,command+exit code+logs+actual durable/DB state+cleanup,NOT_RUN
AC-D03-02,D03,RP18,FIX_ACCEPTANCE,ISOLATED_LINUX,Preflight and runtime reject missing/invalid production config consistently.,command+exit code+logs+actual durable/DB state+cleanup,NOT_RUN
AC-D03-03,D03,RP18,FIX_ACCEPTANCE,ISOLATED_LINUX,"If export control is retained, authorized requests demonstrate matching behavior for enabled and disabled modes.",command+exit code+logs+actual durable/DB state+cleanup,NOT_RUN
AC-N-S02-01-01,N-S02-01,RP11,FIX_ACCEPTANCE,ISOLATED_BROWSER,v1 中合成的无 userId 行升级后保留但不会自动随 B 的 Authorization 请求发出。,command+exit code+logs+actual durable/DB state+cleanup,NOT_RUN
AC-N-S02-01-02,N-S02-01,RP11,FIX_ACCEPTANCE,ISOLATED_BROWSER,用户显式认领后按确定规则处理；未认领时切换账号不改变其隔离状态。,command+exit code+logs+actual durable/DB state+cleanup,NOT_RUN
AC-N-S02-01-03,N-S02-01,RP11,FIX_ACCEPTANCE,ISOLATED_BROWSER,upgrade 中止/重试不会静默丢失或改变旧行。,command+exit code+logs+actual durable/DB state+cleanup,NOT_RUN
