failurePointId,failurePoint,currentDb,currentReceipt,currentHttp,currentIDB,currentNextAction,lastDurableCopy,sourceProposedContract,futureAssertion,futurePrecondition,status,sourceEvidence
FP-01,"Request cannot be proven to have reached handler (network loss, timeout, abort); frontend init failure before push is a separate no-push path.","No push mutation effect can be inferred if request never reached push; if transport outcome is unknown, server may still be executing.",Unknown until queried; no per-key query exists.,Axios timeout is 30s; no-response errors become ApiError network failure.,push throw exits result loop; outbox is not deleted in catch.,A later sync resends the persisted outbox record with same clientMutationId and current stored fields.,Client outbox row remains; server outcome unknown.,Keep exact original key and payload/hash; retry same immutable command or query key-scoped outcome. Never mint a new key while outcome is unknown.,未到达handler不推断写入；outcome unknown时保留原key/hash，按已批准的actor/device范围查询或同key/hash重放。,Owned isolated current candidate; authenticated actor/device and non-empty authorized success before negative tests; deterministic named fault boundary.,SPECIFICATION_ONLY_NOT_RUN,"rdpms-system/frontend/src/api/http.ts:20-24,121-136; rdpms-system/frontend/src/offline/engine.ts:254-279,350-352; rdpms-system/frontend/src/offline/idb.ts:114-118"
FP-02,"Before per-item loop: device upsert, visibility read, or receipt prefetch fails.",Device upsert at sync.js:348 may already have persisted; no per-item business mutation has started.,No new per-item receipt has been written by this request.,500 is surfaced as ApiError; no automatic 5xx replay.,Outbox remains because push rejects before results are iterated.,Retry the same queued commands; no key-specific status query.,Client outbox; device metadata may also be present server-side.,"Return/lookup explicit per-command outcome by immutable key. For failures before any command executes, retain client last copy and safely retry same key/hash.",设备元数据可与命令提交不同；未执行的command无业务效果，客户端副本保留并用原key/hash恢复。,Owned isolated current candidate; authenticated actor/device and non-empty authorized success before negative tests; deterministic named fault boundary.,SPECIFICATION_ONLY_NOT_RUN,"rdpms-system/backend/src/routes/sync.js:340-368; rdpms-system/backend/src/bootstrap/createApp.js:147-161; rdpms-system/frontend/src/api/http.ts:121-155; rdpms-system/frontend/src/offline/engine.ts:264-279,350-352"
FP-03,"Item is malformed (missing key/entity/id), or entity validation/access/permission rejects before mutation.",No business mutation for malformed or denied item. Access/validation outcomes inside try become rejected.,Malformed item at sync.js:379-382 continues without persisting SyncMutation; ordinary rejected item is upserted as a receipt at 546-567.,"If complete 200 response arrives, per-item rejected is treated as definitive by client.","Rejected response moves a keyed row to deadLetters and removes it in one IDB transaction; if response is lost, original outbox remains.",Missing-field item can be repeatedly rejected without a receipt; ordinary rejection retry is re-evaluated and can overwrite the same global key record.,On delivered reject: deadLetter plus atomic outbox removal. On response loss: outbox.,"Every accepted command key must have durable terminal/pending outcome, including malformed keyed commands where safe; bind actor/device/key/hash; reject changed payload/actor.",缺key坏项与已键控拒绝分开；不得泄露其它actor回执。,Owned isolated current candidate; authenticated actor/device and non-empty authorized success before negative tests; deterministic named fault boundary.,SPECIFICATION_ONLY_NOT_RUN,"rdpms-system/backend/src/routes/sync.js:369-393,397-423,543-567; rdpms-system/frontend/src/offline/engine.ts:305-329; rdpms-system/frontend/src/offline/idb.ts:120-148"
FP-04,Business operation errors before commit / transactional subcommand rolls back.,Expected operation-specific rollback where the command itself uses a transaction (e.g. task compound changes at sync.js:479-491); not all entity operations share a single outer transaction.,"Caught error is converted to rejected/conflict; then a separate SyncMutation upsert is attempted. If it succeeds, response contains per-item result.",A full result response is processed; outer receipt failure or later failure produces 500 instead.,Rejected is moved atomically to deadLetters; conflict is removed from outbox and accumulated for local conflict state.,Same-key replay of applied only; rejected/conflict entries are reprocessed and their global receipt overwritten.,"For delivered rejection: deadLetters. For conflict: server SyncMutation may persist, but local deletion precedes final conflict kvSet (see FP-09).",Atomically persist command decision and outcome; stable key/hash semantics make retries deterministic. Last local copy must be committed before removing outbox.,按每命令事务保证业务、必要审计、回执一致；批次前序提交独立保留。,Owned isolated current candidate; authenticated actor/device and non-empty authorized success before negative tests; deterministic named fault boundary.,SPECIFICATION_ONLY_NOT_RUN,"rdpms-system/backend/src/routes/sync.js:457-515,528-568; rdpms-system/frontend/src/offline/engine.ts:280-330,334-349; rdpms-system/frontend/src/offline/idb.ts:120-148"
FP-05,"Business mutation commits, then SyncMutation upsert fails (B06).",Business write can be committed; historical task probe observed committed title despite HTTP 500. Other entity/op effects vary: stale-base updates may later conflict; no-base updates may reapply; create may collide; tombstone/delete may repeat. No generic at-most-once claim.,Absent or previous record remains because separate upsert failed.,Outer error becomes HTTP 500; client receives no per-item results.,"Original mutation row remains; retry uses same clientMutationId, entity/op/id/data/baseUpdatedAt from outbox.","If receipt absent, current server processes again; generic query route is absent. Results are operation-specific and may diverge from original attempt.",Client outbox plus mutated server business row; this is the proven ambiguity.,One DB commit boundary for authorization/CAS/business/audit/scoped receipt; unknown result resolved by exact-key/exact-hash status lookup or exact immutable same-key retry.,业务及回执须在单命令同提交边界；提交前回执失败不能留下B06孤儿。,Owned isolated current candidate; authenticated actor/device and non-empty authorized success before negative tests; deterministic named fault boundary.,SPECIFICATION_ONLY_NOT_RUN,"rdpms-system/backend/src/routes/sync.js:457-527,543-568; docs/audits/2026-09-29-rdpms/backend-results.json#B06_SYNC_WRITE_RECEIPT_NOT_ATOMIC; docs/audits/2026-09-30-review-plan/execution/supplemental/S03/review.md"
FP-06,Earlier item receipt persisted; a later item receipt write fails before batch completes.,Earlier business mutations and receipts persist independently; failing item may also have its business mutation committed; later items are not processed. Batch is sequential and has no encompassing transaction.,Earlier receipts persist; failing item receipt may be absent; later item receipts absent.,Outer 500 returns no partial results array.,All original outbox rows remain because response promise rejects before result processing.,Retry resubmits entire batch: earlier applied receipts are replayed; missing receipt items reprocess; later items execute for first time.,Client retains batch records; server may hold partial business/receipt state.,Specify per-command outcome despite batch interruption; per-item atomic receipt and exact replay. Do not promise batch atomicity.,前序item业务+receipt已持久；失败item业务可能已提交但receipt缺失；后续项未执行；整个batch不会因500整体回滚。,Owned isolated current candidate; authenticated actor/device and non-empty authorized success before negative tests; deterministic named fault boundary.,SPECIFICATION_ONLY_NOT_RUN,"rdpms-system/backend/src/routes/sync.js:369-393,546-569; rdpms-system/frontend/src/offline/engine.ts:264-279,350-352"
FP-07,"All item receipts persisted, then lastPushAt update fails before response; aggregate audit insert failures are caught by writeAudit and do not ordinarily cause 500.","Business writes and per-item receipts may all be durable; lastPushAt update may fail. writeAudit catches DB insert failures and logs them, so those alone do not fail the request; invalid audit action normalization could throw, but this route supplies the fixed valid UPDATE constant.",Per-item receipt rows have already been written.,A failure of the uncaught lastPushAt update yields 500/no usable results. Audit insert errors are swallowed and normally still permit 200 response.,"Outbox remains if the request fails before the response promise resolves; if response arrives normally, per-item outcomes are processed.","For lastPushAt failure, retry normally hits applied receipts and replays their stored results. Aggregate audit insertion failure does not require a retry because request continues.","After lastPushAt failure: server receipts plus client outbox. If aggregate audit insert fails but response succeeds, result processing proceeds normally.",Response loss resolves from scoped durable result; required per-command audit is inside the same command commit boundary. Keep aggregate best-effort audit semantics explicitly separate if retained.,全部item业务/receipt已经持久后lastPushAt失败导致500；这不是未提交。聚合best-effort audit错误与未捕获lastPushAt失败分开。,Owned isolated current candidate; authenticated actor/device and non-empty authorized success before negative tests; deterministic named fault boundary.,SPECIFICATION_ONLY_NOT_RUN,"rdpms-system/backend/src/routes/sync.js:571-588; rdpms-system/backend/src/kernel/audit.js:55-82; rdpms-system/frontend/src/offline/engine.ts:268-279,350-352"
FP-08,"Receipt committed and response sent, but response is lost in network or client times out.",Per-item changes/receipts may be committed.,Stored result exists if all item writes completed.,"A no-response timeout/network error is thrown; 5xx is surfaced, not automatically retried.",Outbox remains.,Next manual/online sync resubmits same key. Applied record replays if still retained; no expiry/retention policy is proven for SyncMutation in this review.,"Server receipt and client outbox; after server retention expires, only client outbox may remain.","Scoped outcome lookup or same-key/hash replay within published retention. Beyond retention, unknown/expired remains held for recovery; never silently re-key.",receipt已提交但响应丢失；客户端outbox保留；查询或原key/hash重放辨认已提交结果，禁止新key盲重试。,Owned isolated current candidate; authenticated actor/device and non-empty authorized success before negative tests; deterministic named fault boundary.,SPECIFICATION_ONLY_NOT_RUN,"rdpms-system/frontend/src/api/http.ts:20-24,121-136; rdpms-system/backend/prisma/schema.prisma:469-503; rdpms-system/backend/src/routes/sync.js:384-392,602-614; docs/audits/2026-09-30-review-plan/execution/supplemental/S03/review.md"
FP-09,"A 200 response is received, but client crashes midway through per-result local processing.","Per-item receipts remain for processed commands, subject to retention.",Applied/conflict/rejected records are stored by server before response except malformed items without key/receipt.,Response resolved; engine processes items sequentially.,"Applied: server receipt permits replay after outbox deletion. Rejected: deadLetterMove atomically stores copy then deletes outbox. Conflict: outbox is deleted immediately, but merged conflict list is persisted only after the whole loop; a crash between delete and kvSet can leave no local copy (server receipt is not available by-key through current API).",Recovery differs by per-result status; omitted results are not deleted and stay in outbox because runtime validates neither response completeness nor request/result key-set equality.,For conflict there is a possible client last-copy gap; server DB receipt exists but not client-visible by key.,"For every status, atomically retain a local outcome copy before outbox deletion; validate complete key-set and expose server lookup.",结果副本必须在删除outbox之前原子持久；重点验证conflict崩溃窗口。,Owned isolated current candidate; authenticated actor/device and non-empty authorized success before negative tests; deterministic named fault boundary.,SPECIFICATION_ONLY_NOT_RUN,rdpms-system/frontend/src/offline/engine.ts:280-349; rdpms-system/frontend/src/offline/idb.ts:120-148; rdpms-system/backend/src/routes/sync.js:602-614
FP-10,SyncMutation row is later expired/deleted or request retry falls outside actual retention window.,Schema has createdAt but no expiry field; external cleanup job/effective retention was not checked and remains S03-OI-04.,Historical S03 static review found no cleanup in push path; deployment/ops cleanup remains unknown.,No key-specific lookup; `/sync/status` reports aggregate counts only.,"Outbox/deadletter row may remain locally, but no expiry protocol or re-key guard is established by this path.",Cannot infer whether retry replays or reprocesses after cleanup.,Client outbox/deadletter if retained; effective server receipt retention unknown.,Expose explicit retained/expired/unknown per key; preserve original key/hash and last local copy; expired/unknown blocks automatic re-key/replay pending authorized recovery.,超出获批retention/offline window时显式unknown/expired并人工恢复；不能静默re-key。,Owned isolated current candidate; authenticated actor/device and non-empty authorized success before negative tests; deterministic named fault boundary.,SPECIFICATION_ONLY_NOT_RUN,rdpms-system/backend/prisma/schema.prisma:486-503; rdpms-system/backend/src/routes/sync.js:602-614; docs/audits/2026-09-30-review-plan/execution/supplemental/S03/review.md (S03-OI-04)
