taskId,implementation,validation,release,disposition,unmetImplementationDependencies,acceptanceDependenciesOnly,gateChecks,reason
RP00-T01,COMPLETE,ENV_BLOCKED,NOT_EVALUATED,EXISTING_IMPLEMENTATION_PRESERVED,[],[],"[{""ref"": ""S00-OI-01"", ""before"": ""VALIDATION"", ""condition"": ""archive disposition only; missing historic startHead does not block any business task"", ""currentDecisionStatus"": ""EXTERNAL_GATE_REQUIRES_EVIDENCE"", ""applicability"": ""SCOPE_CONDITION_REQUIRES_EXACT_SELECTION"", ""resolvedDecisionRef"": ""S00-OI-01""}]",Validation only follows exact approved case scope; no automatic rework.
RP00-T02,COMPLETE,PASS,NOT_EVALUATED,EXISTING_IMPLEMENTATION_PRESERVED,[],[],"[{""ref"": ""S03-OI-03"", ""before"": ""VALIDATION"", ""condition"": ""always"", ""currentDecisionStatus"": ""EXTERNAL_GATE_REQUIRES_EVIDENCE"", ""applicability"": ""ALWAYS"", ""resolvedDecisionRef"": ""S03-OI-03""}]",Validation only follows exact approved case scope; no automatic rework.
RP00-T03,COMPLETE,NOT_RUN,NOT_EVALUATED,EXISTING_IMPLEMENTATION_PRESERVED,[],[],"[{""ref"": ""S03-OI-09"", ""before"": ""VALIDATION"", ""condition"": ""always"", ""currentDecisionStatus"": ""EXTERNAL_GATE_REQUIRES_EVIDENCE"", ""applicability"": ""ALWAYS"", ""resolvedDecisionRef"": ""S03-OI-09""}]",Validation only follows exact approved case scope; no automatic rework.
RP00-T04,COMPLETE,NOT_RUN,NOT_EVALUATED,EXISTING_IMPLEMENTATION_PRESERVED,[],[],"[{""ref"": ""T-RP-09"", ""before"": ""VALIDATION"", ""condition"": ""always"", ""currentDecisionStatus"": ""PROPOSED"", ""applicability"": ""ALWAYS"", ""resolvedDecisionRef"": ""T-RP-09""}]",Validation only follows exact approved case scope; no automatic rework.
RP00-T05,COMPLETE,NOT_RUN,NOT_EVALUATED,EXISTING_IMPLEMENTATION_PRESERVED,[],[],"[{""ref"": ""T-RP-11"", ""before"": ""VALIDATION"", ""condition"": ""always"", ""currentDecisionStatus"": ""PROPOSED"", ""applicability"": ""ALWAYS"", ""resolvedDecisionRef"": ""T-RP-11""}, {""ref"": ""T-RP-13"", ""before"": ""VALIDATION"", ""condition"": ""always"", ""currentDecisionStatus"": ""PROPOSED"", ""applicability"": ""ALWAYS"", ""resolvedDecisionRef"": ""T-RP-13""}]",Validation only follows exact approved case scope; no automatic rework.
RP01-T01,COMPLETE,PASS,NOT_EVALUATED,EXISTING_IMPLEMENTATION_PRESERVED,[],[],[],Validation only follows exact approved case scope; no automatic rework.
RP01-T02,NOT_STARTED,NOT_RUN,NOT_EVALUATED,DECISION_INPUT_REQUIRED,[],[],"[{""ref"": ""D-S01-01"", ""before"": ""IMPLEMENTATION"", ""condition"": ""always"", ""currentDecisionStatus"": ""PENDING"", ""applicability"": ""ALWAYS"", ""resolvedDecisionRef"": ""D-S01-01""}, {""ref"": ""D-S01-02"", ""before"": ""IMPLEMENTATION"", ""condition"": ""only forced-password-change/business allowlist sub-scope; rank/reset protection uses D-S01-01 independently"", ""currentDecisionStatus"": ""PENDING"", ""applicability"": ""SCOPE_CONDITION_REQUIRES_EXACT_SELECTION"", ""resolvedDecisionRef"": ""D-S01-02""}]",At least one task-specific always IMPLEMENTATION decision remains pending/proposed.
RP01-T03,NOT_STARTED,NOT_RUN,NOT_EVALUATED,OPTIONAL_INACTIVE,[],[],"[{""ref"": ""D-S01-03"", ""before"": ""IMPLEMENTATION"", ""condition"": ""always"", ""currentDecisionStatus"": ""PENDING"", ""applicability"": ""ALWAYS"", ""resolvedDecisionRef"": ""D-S01-03""}]",Explicit activation and corresponding rule approval absent.
RP02-T01,COMPLETE,PASS,NOT_EVALUATED,EXISTING_IMPLEMENTATION_PRESERVED,[],[],[],Validation only follows exact approved case scope; no automatic rework.
RP02-T02,NOT_STARTED,NOT_RUN,NOT_EVALUATED,DECISION_INPUT_REQUIRED,[],"[""RP03-T01""]","[{""ref"": ""T-RP-09"", ""before"": ""IMPLEMENTATION"", ""condition"": ""always"", ""currentDecisionStatus"": ""PROPOSED"", ""applicability"": ""ALWAYS"", ""resolvedDecisionRef"": ""T-RP-09""}]",At least one task-specific always IMPLEMENTATION decision remains pending/proposed.
RP03-T01,NOT_STARTED,NOT_RUN,NOT_EVALUATED,DECISION_INPUT_REQUIRED,[],[],"[{""ref"": ""T-RP-09"", ""before"": ""IMPLEMENTATION"", ""condition"": ""always"", ""currentDecisionStatus"": ""PROPOSED"", ""applicability"": ""ALWAYS"", ""resolvedDecisionRef"": ""T-RP-09""}, {""ref"": ""S02-OPEN-05"", ""before"": ""VALIDATION"", ""condition"": ""always"", ""currentDecisionStatus"": ""EXTERNAL_GATE_REQUIRES_EVIDENCE"", ""applicability"": ""ALWAYS"", ""resolvedDecisionRef"": ""S02-OPEN-05""}]",At least one task-specific always IMPLEMENTATION decision remains pending/proposed.
RP03-T02,NOT_STARTED,NOT_RUN,NOT_EVALUATED,DECISION_INPUT_REQUIRED,[],"[""RP02-T02""]","[{""ref"": ""D-S01-04"", ""before"": ""IMPLEMENTATION"", ""condition"": ""always"", ""currentDecisionStatus"": ""PENDING"", ""applicability"": ""ALWAYS"", ""resolvedDecisionRef"": ""D-S01-04""}, {""ref"": ""T-RP-09"", ""before"": ""IMPLEMENTATION"", ""condition"": ""always"", ""currentDecisionStatus"": ""PROPOSED"", ""applicability"": ""ALWAYS"", ""resolvedDecisionRef"": ""T-RP-09""}, {""ref"": ""S03-OI-06"", ""before"": ""IMPLEMENTATION"", ""condition"": ""same D-S01-04 approval; no second approval required"", ""currentDecisionStatus"": ""PENDING"", ""applicability"": ""SCOPE_CONDITION_REQUIRES_EXACT_SELECTION"", ""resolvedDecisionRef"": ""D-S01-04""}]",At least one task-specific always IMPLEMENTATION decision remains pending/proposed.
RP04-T01,COMPLETE,PASS,NOT_EVALUATED,EXISTING_IMPLEMENTATION_PRESERVED,[],[],[],Validation only follows exact approved case scope; no automatic rework.
RP04-T02,COMPLETE,PASS,NOT_EVALUATED,EXISTING_IMPLEMENTATION_PRESERVED,[],"[""RP09-T01""]",[],Validation only follows exact approved case scope; no automatic rework.
RP05-T01,COMPLETE,PASS,NOT_EVALUATED,EXISTING_IMPLEMENTATION_PRESERVED,[],[],[],Validation only follows exact approved case scope; no automatic rework.
RP05-T02,NOT_STARTED,NOT_RUN,NOT_EVALUATED,DECISION_INPUT_REQUIRED,[],[],"[{""ref"": ""D-S01-08"", ""before"": ""IMPLEMENTATION"", ""condition"": ""always"", ""currentDecisionStatus"": ""PENDING"", ""applicability"": ""ALWAYS"", ""resolvedDecisionRef"": ""D-S01-08""}, {""ref"": ""T-RP-07"", ""before"": ""IMPLEMENTATION"", ""condition"": ""always"", ""currentDecisionStatus"": ""PROPOSED"", ""applicability"": ""ALWAYS"", ""resolvedDecisionRef"": ""T-RP-07""}, {""ref"": ""S03-OI-05"", ""before"": ""IMPLEMENTATION"", ""condition"": ""only if stale/delete command adapter is changed; no gate on unrelated task fields or report snapshot"", ""currentDecisionStatus"": ""EXTERNAL_GATE_REQUIRES_EVIDENCE"", ""applicability"": ""SCOPE_CONDITION_REQUIRES_EXACT_SELECTION"", ""resolvedDecisionRef"": ""S03-OI-05""}]",At least one task-specific always IMPLEMENTATION decision remains pending/proposed.
RP05-T03,NOT_STARTED,NOT_RUN,NOT_EVALUATED,OPTIONAL_INACTIVE,"[""RP05-T02""]",[],"[{""ref"": ""D-S01-08"", ""before"": ""IMPLEMENTATION"", ""condition"": ""DAG/live policy approved"", ""currentDecisionStatus"": ""PENDING"", ""applicability"": ""SCOPE_CONDITION_REQUIRES_EXACT_SELECTION"", ""resolvedDecisionRef"": ""D-S01-08""}, {""ref"": ""T-RP-11"", ""before"": ""VALIDATION"", ""condition"": ""always"", ""currentDecisionStatus"": ""PROPOSED"", ""applicability"": ""ALWAYS"", ""resolvedDecisionRef"": ""T-RP-11""}]",Explicit activation and corresponding rule approval absent.
RP06-T01,NOT_STARTED,NOT_RUN,NOT_EVALUATED,DECISION_INPUT_REQUIRED,[],[],"[{""ref"": ""D-S01-05"", ""before"": ""IMPLEMENTATION"", ""condition"": ""always"", ""currentDecisionStatus"": ""PENDING"", ""applicability"": ""ALWAYS"", ""resolvedDecisionRef"": ""D-S01-05""}]",At least one task-specific always IMPLEMENTATION decision remains pending/proposed.
RP06-T02,NOT_STARTED,NOT_RUN,NOT_EVALUATED,IMPLEMENTATION_DEPENDENCY_BLOCKED,"[""RP06-T01"", ""RP07-T02""]",[],"[{""ref"": ""D-S01-06"", ""before"": ""IMPLEMENTATION"", ""condition"": ""always"", ""currentDecisionStatus"": ""PENDING"", ""applicability"": ""ALWAYS"", ""resolvedDecisionRef"": ""D-S01-06""}]",Unmet implementation dependencies; acceptance dependencies are recorded separately and do not block implementation.
RP07-T01,COMPLETE,PASS,NOT_EVALUATED,EXISTING_IMPLEMENTATION_PRESERVED,[],[],[],Validation only follows exact approved case scope; no automatic rework.
RP07-T02,NOT_STARTED,NOT_RUN,NOT_EVALUATED,DECISION_INPUT_REQUIRED,[],[],"[{""ref"": ""D-S01-06"", ""before"": ""IMPLEMENTATION"", ""condition"": ""always"", ""currentDecisionStatus"": ""PENDING"", ""applicability"": ""ALWAYS"", ""resolvedDecisionRef"": ""D-S01-06""}, {""ref"": ""S03-OI-07"", ""before"": ""IMPLEMENTATION"", ""condition"": ""same D-S01-06 approval; no second approval required"", ""currentDecisionStatus"": ""PENDING"", ""applicability"": ""SCOPE_CONDITION_REQUIRES_EXACT_SELECTION"", ""resolvedDecisionRef"": ""D-S01-06""}]",At least one task-specific always IMPLEMENTATION decision remains pending/proposed.
RP08-T01,COMPLETE,PASS,NOT_EVALUATED,EXISTING_IMPLEMENTATION_PRESERVED,[],[],"[{""ref"": ""D-S01-05"", ""before"": ""IMPLEMENTATION"", ""condition"": ""only if registration global exception is requested"", ""currentDecisionStatus"": ""PENDING"", ""applicability"": ""SCOPE_CONDITION_REQUIRES_EXACT_SELECTION"", ""resolvedDecisionRef"": ""D-S01-05""}]",Validation only follows exact approved case scope; no automatic rework.
RP08-T02,NOT_STARTED,NOT_RUN,NOT_EVALUATED,DECISION_INPUT_REQUIRED,[],"[""RP11-T01""]","[{""ref"": ""T-RP-04"", ""before"": ""IMPLEMENTATION"", ""condition"": ""always"", ""currentDecisionStatus"": ""PROPOSED"", ""applicability"": ""ALWAYS"", ""resolvedDecisionRef"": ""T-RP-04""}, {""ref"": ""T-RP-12"", ""before"": ""IMPLEMENTATION"", ""condition"": ""always"", ""currentDecisionStatus"": ""PROPOSED"", ""applicability"": ""ALWAYS"", ""resolvedDecisionRef"": ""T-RP-12""}, {""ref"": ""S02-OPEN-02"", ""before"": ""VALIDATION"", ""condition"": ""joint authorized cache/page fallback acceptance"", ""currentDecisionStatus"": ""EXTERNAL_GATE_REQUIRES_EVIDENCE"", ""applicability"": ""SCOPE_CONDITION_REQUIRES_EXACT_SELECTION"", ""resolvedDecisionRef"": ""S02-OPEN-02""}]",At least one task-specific always IMPLEMENTATION decision remains pending/proposed.
RP09-T01,NOT_STARTED,NOT_RUN,NOT_EVALUATED,DECISION_INPUT_REQUIRED,[],[],"[{""ref"": ""T-RP-02"", ""before"": ""IMPLEMENTATION"", ""condition"": ""always"", ""currentDecisionStatus"": ""PROPOSED"", ""applicability"": ""ALWAYS"", ""resolvedDecisionRef"": ""T-RP-02""}, {""ref"": ""T-RP-07"", ""before"": ""IMPLEMENTATION"", ""condition"": ""delete command adapter modified"", ""currentDecisionStatus"": ""PROPOSED"", ""applicability"": ""SCOPE_CONDITION_REQUIRES_EXACT_SELECTION"", ""resolvedDecisionRef"": ""T-RP-07""}, {""ref"": ""S03-OI-05"", ""before"": ""IMPLEMENTATION"", ""condition"": ""only if stale/delete command adapter is changed; no gate on unrelated task fields or report snapshot"", ""currentDecisionStatus"": ""EXTERNAL_GATE_REQUIRES_EVIDENCE"", ""applicability"": ""SCOPE_CONDITION_REQUIRES_EXACT_SELECTION"", ""resolvedDecisionRef"": ""S03-OI-05""}]",At least one task-specific always IMPLEMENTATION decision remains pending/proposed.
RP09-T02,NOT_STARTED,NOT_RUN,NOT_EVALUATED,IMPLEMENTATION_DEPENDENCY_BLOCKED,"[""RP09-T01""]",[],"[{""ref"": ""S03-OI-02"", ""before"": ""VALIDATION"", ""condition"": ""always"", ""currentDecisionStatus"": ""EXTERNAL_GATE_REQUIRES_EVIDENCE"", ""applicability"": ""ALWAYS"", ""resolvedDecisionRef"": ""S03-OI-02""}, {""ref"": ""S03-OI-04"", ""before"": ""RELEASE"", ""condition"": ""always"", ""currentDecisionStatus"": ""EXTERNAL_GATE_REQUIRES_EVIDENCE"", ""applicability"": ""ALWAYS"", ""resolvedDecisionRef"": ""S03-OI-04""}, {""ref"": ""T-RP-02"", ""before"": ""IMPLEMENTATION"", ""condition"": ""always"", ""currentDecisionStatus"": ""PROPOSED"", ""applicability"": ""ALWAYS"", ""resolvedDecisionRef"": ""T-RP-02""}]",Unmet implementation dependencies; acceptance dependencies are recorded separately and do not block implementation.
RP10-T01,NOT_STARTED,NOT_RUN,NOT_EVALUATED,DECISION_INPUT_REQUIRED,[],[],"[{""ref"": ""T-RP-03"", ""before"": ""IMPLEMENTATION"", ""condition"": ""always"", ""currentDecisionStatus"": ""PROPOSED"", ""applicability"": ""ALWAYS"", ""resolvedDecisionRef"": ""T-RP-03""}, {""ref"": ""S03-OI-05"", ""before"": ""IMPLEMENTATION"", ""condition"": ""only if stale/delete command adapter is changed; no gate on unrelated task fields or report snapshot"", ""currentDecisionStatus"": ""EXTERNAL_GATE_REQUIRES_EVIDENCE"", ""applicability"": ""SCOPE_CONDITION_REQUIRES_EXACT_SELECTION"", ""resolvedDecisionRef"": ""S03-OI-05""}]",At least one task-specific always IMPLEMENTATION decision remains pending/proposed.
RP10-T02,COMPLETE,PASS,NOT_EVALUATED,EXISTING_IMPLEMENTATION_PRESERVED,[],"[""RP09-T01""]","[{""ref"": ""D-S01-07"", ""before"": ""IMPLEMENTATION"", ""condition"": ""source-state behavior changed"", ""currentDecisionStatus"": ""PENDING"", ""applicability"": ""SCOPE_CONDITION_REQUIRES_EXACT_SELECTION"", ""resolvedDecisionRef"": ""D-S01-07""}]",Validation only follows exact approved case scope; no automatic rework.
RP10-T03,NOT_STARTED,NOT_RUN,NOT_EVALUATED,DECISION_INPUT_REQUIRED,[],[],"[{""ref"": ""D-S01-07"", ""before"": ""IMPLEMENTATION"", ""condition"": ""always"", ""currentDecisionStatus"": ""PENDING"", ""applicability"": ""ALWAYS"", ""resolvedDecisionRef"": ""D-S01-07""}, {""ref"": ""S03-OI-08"", ""before"": ""VALIDATION"", ""condition"": ""always"", ""currentDecisionStatus"": ""EXTERNAL_GATE_REQUIRES_EVIDENCE"", ""applicability"": ""ALWAYS"", ""resolvedDecisionRef"": ""S03-OI-08""}]",At least one task-specific always IMPLEMENTATION decision remains pending/proposed.
RP11-T01,NOT_STARTED,NOT_RUN,NOT_EVALUATED,DECISION_INPUT_REQUIRED,[],[],"[{""ref"": ""T-RP-09"", ""before"": ""IMPLEMENTATION"", ""condition"": ""always"", ""currentDecisionStatus"": ""PROPOSED"", ""applicability"": ""ALWAYS"", ""resolvedDecisionRef"": ""T-RP-09""}, {""ref"": ""T-RP-12"", ""before"": ""IMPLEMENTATION"", ""condition"": ""always"", ""currentDecisionStatus"": ""PROPOSED"", ""applicability"": ""ALWAYS"", ""resolvedDecisionRef"": ""T-RP-12""}, {""ref"": ""S02-OPEN-01"", ""before"": ""VALIDATION"", ""condition"": ""always"", ""currentDecisionStatus"": ""EXTERNAL_GATE_REQUIRES_EVIDENCE"", ""applicability"": ""ALWAYS"", ""resolvedDecisionRef"": ""S02-OPEN-01""}, {""ref"": ""S02-OPEN-02"", ""before"": ""VALIDATION"", ""condition"": ""always"", ""currentDecisionStatus"": ""EXTERNAL_GATE_REQUIRES_EVIDENCE"", ""applicability"": ""ALWAYS"", ""resolvedDecisionRef"": ""S02-OPEN-02""}]",At least one task-specific always IMPLEMENTATION decision remains pending/proposed.
RP11-T02,NOT_STARTED,NOT_RUN,NOT_EVALUATED,IMPLEMENTATION_DEPENDENCY_BLOCKED,"[""RP11-T01""]",[],"[{""ref"": ""T-RP-01"", ""before"": ""IMPLEMENTATION"", ""condition"": ""always"", ""currentDecisionStatus"": ""PROPOSED"", ""applicability"": ""ALWAYS"", ""resolvedDecisionRef"": ""T-RP-01""}, {""ref"": ""S02-OPEN-06"", ""before"": ""VALIDATION"", ""condition"": ""always"", ""currentDecisionStatus"": ""EXTERNAL_GATE_REQUIRES_EVIDENCE"", ""applicability"": ""ALWAYS"", ""resolvedDecisionRef"": ""S02-OPEN-06""}, {""ref"": ""S02-OPEN-07"", ""before"": ""VALIDATION"", ""condition"": ""always"", ""currentDecisionStatus"": ""EXTERNAL_GATE_REQUIRES_EVIDENCE"", ""applicability"": ""ALWAYS"", ""resolvedDecisionRef"": ""S02-OPEN-07""}]",Unmet implementation dependencies; acceptance dependencies are recorded separately and do not block implementation.
RP11-T03,NOT_STARTED,NOT_RUN,NOT_EVALUATED,IMPLEMENTATION_DEPENDENCY_BLOCKED,"[""RP11-T01""]",[],"[{""ref"": ""T-RP-12"", ""before"": ""IMPLEMENTATION"", ""condition"": ""always"", ""currentDecisionStatus"": ""PROPOSED"", ""applicability"": ""ALWAYS"", ""resolvedDecisionRef"": ""T-RP-12""}, {""ref"": ""S02-OPEN-03"", ""before"": ""VALIDATION"", ""condition"": ""always"", ""currentDecisionStatus"": ""EXTERNAL_GATE_REQUIRES_EVIDENCE"", ""applicability"": ""ALWAYS"", ""resolvedDecisionRef"": ""S02-OPEN-03""}]",Unmet implementation dependencies; acceptance dependencies are recorded separately and do not block implementation.
RP12-T01,NOT_STARTED,NOT_RUN,NOT_EVALUATED,IMPLEMENTATION_DEPENDENCY_BLOCKED,"[""RP11-T01""]",[],"[{""ref"": ""S02-OPEN-04"", ""before"": ""VALIDATION"", ""condition"": ""always"", ""currentDecisionStatus"": ""EXTERNAL_GATE_REQUIRES_EVIDENCE"", ""applicability"": ""ALWAYS"", ""resolvedDecisionRef"": ""S02-OPEN-04""}, {""ref"": ""T-RP-11"", ""before"": ""IMPLEMENTATION"", ""condition"": ""always"", ""currentDecisionStatus"": ""PROPOSED"", ""applicability"": ""ALWAYS"", ""resolvedDecisionRef"": ""T-RP-11""}]",Unmet implementation dependencies; acceptance dependencies are recorded separately and do not block implementation.
RP12-T02,NOT_STARTED,NOT_RUN,NOT_EVALUATED,IMPLEMENTATION_DEPENDENCY_BLOCKED,"[""RP12-T01"", ""RP09-T01"", ""RP11-T03""]",[],"[{""ref"": ""T-RP-02"", ""before"": ""IMPLEMENTATION"", ""condition"": ""always"", ""currentDecisionStatus"": ""PROPOSED"", ""applicability"": ""ALWAYS"", ""resolvedDecisionRef"": ""T-RP-02""}, {""ref"": ""T-RP-12"", ""before"": ""IMPLEMENTATION"", ""condition"": ""always"", ""currentDecisionStatus"": ""PROPOSED"", ""applicability"": ""ALWAYS"", ""resolvedDecisionRef"": ""T-RP-12""}]",Unmet implementation dependencies; acceptance dependencies are recorded separately and do not block implementation.
RP13-T01,COMPLETE,ENV_BLOCKED,NOT_EVALUATED,EXISTING_IMPLEMENTATION_PRESERVED,[],"[""RP11-T01""]",[],Validation only follows exact approved case scope; no automatic rework.
RP13-T02,COMPLETE,ENV_BLOCKED,NOT_EVALUATED,EXISTING_IMPLEMENTATION_PRESERVED,[],[],"[{""ref"": ""T-RP-04"", ""before"": ""VALIDATION"", ""condition"": ""always"", ""currentDecisionStatus"": ""PROPOSED"", ""applicability"": ""ALWAYS"", ""resolvedDecisionRef"": ""T-RP-04""}, {""ref"": ""T-RP-10"", ""before"": ""VALIDATION"", ""condition"": ""always"", ""currentDecisionStatus"": ""PROPOSED"", ""applicability"": ""ALWAYS"", ""resolvedDecisionRef"": ""T-RP-10""}, {""ref"": ""S03-OI-01"", ""before"": ""VALIDATION"", ""condition"": ""always"", ""currentDecisionStatus"": ""EXTERNAL_GATE_REQUIRES_EVIDENCE"", ""applicability"": ""ALWAYS"", ""resolvedDecisionRef"": ""S03-OI-01""}]",Validation only follows exact approved case scope; no automatic rework.
RP13-T03,NOT_STARTED,NOT_RUN,NOT_EVALUATED,IMPLEMENTATION_DEPENDENCY_BLOCKED,"[""RP09-T01"", ""RP08-T02"", ""RP11-T02""]",[],"[{""ref"": ""T-RP-04"", ""before"": ""IMPLEMENTATION"", ""condition"": ""always"", ""currentDecisionStatus"": ""PROPOSED"", ""applicability"": ""ALWAYS"", ""resolvedDecisionRef"": ""T-RP-04""}, {""ref"": ""T-RP-10"", ""before"": ""IMPLEMENTATION"", ""condition"": ""always"", ""currentDecisionStatus"": ""PROPOSED"", ""applicability"": ""ALWAYS"", ""resolvedDecisionRef"": ""T-RP-10""}, {""ref"": ""S03-OI-04"", ""before"": ""RELEASE"", ""condition"": ""always"", ""currentDecisionStatus"": ""EXTERNAL_GATE_REQUIRES_EVIDENCE"", ""applicability"": ""ALWAYS"", ""resolvedDecisionRef"": ""S03-OI-04""}, {""ref"": ""D-S01-08"", ""before"": ""IMPLEMENTATION"", ""condition"": ""only when approved delete/live-reference/tombstone semantics are changed"", ""currentDecisionStatus"": ""PENDING"", ""applicability"": ""SCOPE_CONDITION_REQUIRES_EXACT_SELECTION"", ""resolvedDecisionRef"": ""D-S01-08""}]",Unmet implementation dependencies; acceptance dependencies are recorded separately and do not block implementation.
RP14-T01,COMPLETE,PASS,NOT_EVALUATED,EXISTING_IMPLEMENTATION_PRESERVED,[],[],[],Validation only follows exact approved case scope; no automatic rework.
RP14-T02,NOT_STARTED,NOT_RUN,NOT_EVALUATED,DECISION_INPUT_REQUIRED,[],[],"[{""ref"": ""T-RP-05"", ""before"": ""IMPLEMENTATION"", ""condition"": ""always"", ""currentDecisionStatus"": ""PROPOSED"", ""applicability"": ""ALWAYS"", ""resolvedDecisionRef"": ""T-RP-05""}]",At least one task-specific always IMPLEMENTATION decision remains pending/proposed.
RP15-T01,IN_PROGRESS,ENV_BLOCKED,NOT_EVALUATED,EXTERNAL_DATA_INPUT_REQUIRED,[],[],"[{""ref"": ""S04-OI-01"", ""before"": ""VALIDATION"", ""condition"": ""always"", ""currentDecisionStatus"": ""EXTERNAL_GATE_REQUIRES_EVIDENCE"", ""applicability"": ""ALWAYS"", ""resolvedDecisionRef"": ""S04-OI-01""}]",Owner-approved actual schema/anomaly report absent; no real DB query authorized.
RP15-T02,NOT_STARTED,NOT_RUN,NOT_EVALUATED,IMPLEMENTATION_DEPENDENCY_BLOCKED,"[""RP15-T01""]",[],"[{""ref"": ""D-S01-08"", ""before"": ""IMPLEMENTATION"", ""condition"": ""always"", ""currentDecisionStatus"": ""PENDING"", ""applicability"": ""ALWAYS"", ""resolvedDecisionRef"": ""D-S01-08""}, {""ref"": ""T-RP-11"", ""before"": ""IMPLEMENTATION"", ""condition"": ""always"", ""currentDecisionStatus"": ""PROPOSED"", ""applicability"": ""ALWAYS"", ""resolvedDecisionRef"": ""T-RP-11""}]",Unmet implementation dependencies; acceptance dependencies are recorded separately and do not block implementation.
RP15-T03,NOT_STARTED,NOT_RUN,NOT_EVALUATED,IMPLEMENTATION_DEPENDENCY_BLOCKED,"[""RP15-T02""]",[],"[{""ref"": ""D-S01-08"", ""before"": ""IMPLEMENTATION"", ""condition"": ""always"", ""currentDecisionStatus"": ""PENDING"", ""applicability"": ""ALWAYS"", ""resolvedDecisionRef"": ""D-S01-08""}, {""ref"": ""T-RP-11"", ""before"": ""VALIDATION"", ""condition"": ""always"", ""currentDecisionStatus"": ""PROPOSED"", ""applicability"": ""ALWAYS"", ""resolvedDecisionRef"": ""T-RP-11""}]",Unmet implementation dependencies; acceptance dependencies are recorded separately and do not block implementation.
RP16-T01,NOT_STARTED,NOT_RUN,NOT_EVALUATED,DECISION_INPUT_REQUIRED,[],[],"[{""ref"": ""T-RP-06"", ""before"": ""IMPLEMENTATION"", ""condition"": ""always"", ""currentDecisionStatus"": ""PROPOSED"", ""applicability"": ""ALWAYS"", ""resolvedDecisionRef"": ""T-RP-06""}]",At least one task-specific always IMPLEMENTATION decision remains pending/proposed.
RP16-T02,NOT_STARTED,NOT_RUN,NOT_EVALUATED,IMPLEMENTATION_DEPENDENCY_BLOCKED,"[""RP16-T01""]",[],"[{""ref"": ""T-RP-06"", ""before"": ""IMPLEMENTATION"", ""condition"": ""always"", ""currentDecisionStatus"": ""PROPOSED"", ""applicability"": ""ALWAYS"", ""resolvedDecisionRef"": ""T-RP-06""}, {""ref"": ""S05-OI-03"", ""before"": ""VALIDATION"", ""condition"": ""always"", ""currentDecisionStatus"": ""EXTERNAL_GATE_REQUIRES_EVIDENCE"", ""applicability"": ""ALWAYS"", ""resolvedDecisionRef"": ""S05-OI-03""}]",Unmet implementation dependencies; acceptance dependencies are recorded separately and do not block implementation.
RP16-T03,NOT_STARTED,NOT_RUN,NOT_EVALUATED,IMPLEMENTATION_DEPENDENCY_BLOCKED,"[""RP16-T02""]",[],"[{""ref"": ""T-RP-10"", ""before"": ""IMPLEMENTATION"", ""condition"": ""always"", ""currentDecisionStatus"": ""PROPOSED"", ""applicability"": ""ALWAYS"", ""resolvedDecisionRef"": ""T-RP-10""}]",Unmet implementation dependencies; acceptance dependencies are recorded separately and do not block implementation.
RP17-T01,COMPLETE,ENV_BLOCKED,NOT_EVALUATED,EXISTING_IMPLEMENTATION_PRESERVED,[],[],[],Validation only follows exact approved case scope; no automatic rework.
RP17-T02,NOT_STARTED,NOT_RUN,NOT_EVALUATED,DECISION_INPUT_REQUIRED,[],[],"[{""ref"": ""T-RP-11"", ""before"": ""IMPLEMENTATION"", ""condition"": ""always"", ""currentDecisionStatus"": ""PROPOSED"", ""applicability"": ""ALWAYS"", ""resolvedDecisionRef"": ""T-RP-11""}]",At least one task-specific always IMPLEMENTATION decision remains pending/proposed.
RP17-T03,NOT_STARTED,NOT_RUN,NOT_EVALUATED,IMPLEMENTATION_DEPENDENCY_BLOCKED,"[""RP17-T02""]",[],"[{""ref"": ""S05-OI-01"", ""before"": ""VALIDATION"", ""condition"": ""always"", ""currentDecisionStatus"": ""EXTERNAL_GATE_REQUIRES_EVIDENCE"", ""applicability"": ""ALWAYS"", ""resolvedDecisionRef"": ""S05-OI-01""}]",Unmet implementation dependencies; acceptance dependencies are recorded separately and do not block implementation.
RP18-T01,NOT_STARTED,NOT_RUN,NOT_EVALUATED,DECISION_INPUT_REQUIRED,[],[],"[{""ref"": ""T-RP-08"", ""before"": ""IMPLEMENTATION"", ""condition"": ""always"", ""currentDecisionStatus"": ""PROPOSED"", ""applicability"": ""ALWAYS"", ""resolvedDecisionRef"": ""T-RP-08""}, {""ref"": ""T-RP-09"", ""before"": ""IMPLEMENTATION"", ""condition"": ""always"", ""currentDecisionStatus"": ""PROPOSED"", ""applicability"": ""ALWAYS"", ""resolvedDecisionRef"": ""T-RP-09""}]",At least one task-specific always IMPLEMENTATION decision remains pending/proposed.
RP18-T02,NOT_STARTED,NOT_RUN,NOT_EVALUATED,IMPLEMENTATION_DEPENDENCY_BLOCKED,"[""RP18-T01""]",[],"[{""ref"": ""T-RP-13"", ""before"": ""IMPLEMENTATION"", ""condition"": ""always"", ""currentDecisionStatus"": ""PROPOSED"", ""applicability"": ""ALWAYS"", ""resolvedDecisionRef"": ""T-RP-13""}, {""ref"": ""S05-OI-05"", ""before"": ""RELEASE"", ""condition"": ""always"", ""currentDecisionStatus"": ""EXTERNAL_GATE_REQUIRES_EVIDENCE"", ""applicability"": ""ALWAYS"", ""resolvedDecisionRef"": ""S05-OI-05""}]",Unmet implementation dependencies; acceptance dependencies are recorded separately and do not block implementation.
RP18-T03,NOT_STARTED,NOT_RUN,NOT_EVALUATED,IMPLEMENTATION_DEPENDENCY_BLOCKED,"[""RP18-T02""]",[],"[{""ref"": ""S05-OI-04"", ""before"": ""VALIDATION"", ""condition"": ""always"", ""currentDecisionStatus"": ""EXTERNAL_GATE_REQUIRES_EVIDENCE"", ""applicability"": ""ALWAYS"", ""resolvedDecisionRef"": ""S05-OI-04""}, {""ref"": ""T-RP-08"", ""before"": ""IMPLEMENTATION"", ""condition"": ""always"", ""currentDecisionStatus"": ""PROPOSED"", ""applicability"": ""ALWAYS"", ""resolvedDecisionRef"": ""T-RP-08""}]",Unmet implementation dependencies; acceptance dependencies are recorded separately and do not block implementation.
RP19-T01,COMPLETE,ENV_BLOCKED,NOT_EVALUATED,EXISTING_IMPLEMENTATION_PRESERVED,[],[],"[{""ref"": ""S05-OI-02"", ""before"": ""VALIDATION"", ""condition"": ""always"", ""currentDecisionStatus"": ""EXTERNAL_GATE_REQUIRES_EVIDENCE"", ""applicability"": ""ALWAYS"", ""resolvedDecisionRef"": ""S05-OI-02""}]",Validation only follows exact approved case scope; no automatic rework.
RP19-T02,NOT_STARTED,NOT_RUN,NOT_EVALUATED,IMPLEMENTATION_DEPENDENCY_BLOCKED,"[""RP17-T02"", ""RP18-T01""]",[],"[{""ref"": ""T-RP-10"", ""before"": ""IMPLEMENTATION"", ""condition"": ""always"", ""currentDecisionStatus"": ""PROPOSED"", ""applicability"": ""ALWAYS"", ""resolvedDecisionRef"": ""T-RP-10""}, {""ref"": ""S05-OI-02"", ""before"": ""VALIDATION"", ""condition"": ""always"", ""currentDecisionStatus"": ""EXTERNAL_GATE_REQUIRES_EVIDENCE"", ""applicability"": ""ALWAYS"", ""resolvedDecisionRef"": ""S05-OI-02""}]",Unmet implementation dependencies; acceptance dependencies are recorded separately and do not block implementation.
RP19-T03,NOT_STARTED,NOT_RUN,NOT_EVALUATED,IMPLEMENTATION_DEPENDENCY_BLOCKED,"[""RP18-T02"", ""RP17-T03""]",[],"[{""ref"": ""S05-OI-04"", ""before"": ""RELEASE"", ""condition"": ""always"", ""currentDecisionStatus"": ""EXTERNAL_GATE_REQUIRES_EVIDENCE"", ""applicability"": ""ALWAYS"", ""resolvedDecisionRef"": ""S05-OI-04""}, {""ref"": ""S05-OI-05"", ""before"": ""RELEASE"", ""condition"": ""always"", ""currentDecisionStatus"": ""EXTERNAL_GATE_REQUIRES_EVIDENCE"", ""applicability"": ""ALWAYS"", ""resolvedDecisionRef"": ""S05-OI-05""}, {""ref"": ""T-RP-13"", ""before"": ""IMPLEMENTATION"", ""condition"": ""always"", ""currentDecisionStatus"": ""PROPOSED"", ""applicability"": ""ALWAYS"", ""resolvedDecisionRef"": ""T-RP-13""}]",Unmet implementation dependencies; acceptance dependencies are recorded separately and do not block implementation.
RP19-T04,IN_PROGRESS,ENV_BLOCKED,NOT_EVALUATED,FINAL_CLOSURE_DEFERRED,[],[],[],Required remaining tasks/candidate/programme conditions unresolved; no repeated interim closeout.
