migration,sha256,candidate,oldApplication,operationalPolicy
rdpms-system/backend/prisma/migrations/20260902085743_init_postgres/migration.sql,308fcec44e26177cb47b8bfadde07baf7a5bbb142d47018745e3b815bce55cff,LOCAL_FULL_CHAIN_TESTED_NOT_TARGET_CERTIFIED,NO_SECURITY_SAFE_ROLLBACK_ARTIFACT_PROVIDED,"UNKNOWN target compatibility denies cutover; first-safe maintenance. Retain schema, never migrate down."
rdpms-system/backend/prisma/migrations/20260909120000_batch1_d_model/migration.sql,e671da478f9004f7b060765f2ef77146a390e780584b84b269d990d1cc8086bb,LOCAL_FULL_CHAIN_TESTED_NOT_TARGET_CERTIFIED,NO_SECURITY_SAFE_ROLLBACK_ARTIFACT_PROVIDED,"UNKNOWN target compatibility denies cutover; first-safe maintenance. Retain schema, never migrate down."
rdpms-system/backend/prisma/migrations/20260910120000_batch4_sync/migration.sql,99344db85d9acfd90e0149a9aadc2d4331791df1f6f2a7ce465f3d2fdf4a0c7b,LOCAL_FULL_CHAIN_TESTED_NOT_TARGET_CERTIFIED,NO_SECURITY_SAFE_ROLLBACK_ARTIFACT_PROVIDED,"UNKNOWN target compatibility denies cutover; first-safe maintenance. Retain schema, never migrate down."
rdpms-system/backend/prisma/migrations/20260910130000_audit_entity_type_string/migration.sql,c150f02f2f958a077c20faa183e3aede864ecb080b754ef364dfc0cf42f74722,LOCAL_FULL_CHAIN_TESTED_NOT_TARGET_CERTIFIED,NO_SECURITY_SAFE_ROLLBACK_ARTIFACT_PROVIDED,"UNKNOWN target compatibility denies cutover; first-safe maintenance. Retain schema, never migrate down."
rdpms-system/backend/prisma/migrations/20260915120000_mutation_receipts/migration.sql,fc361dc279ee87e7a5398f4b2287fc4853ababf5bb0f0216915556817ca259f3,LOCAL_FULL_CHAIN_TESTED_NOT_TARGET_CERTIFIED,NO_SECURITY_SAFE_ROLLBACK_ARTIFACT_PROVIDED,"UNKNOWN target compatibility denies cutover; first-safe maintenance. Retain schema, never migrate down."
rdpms-system/backend/prisma/migrations/20260928120000_file_access_scope/migration.sql,36641b100d78fc4c140af4072533bcd6ae1e8f03edf089df804c00cbabc4c66e,LOCAL_FULL_CHAIN_TESTED_NOT_TARGET_CERTIFIED,NO_SECURITY_SAFE_ROLLBACK_ARTIFACT_PROVIDED,"UNKNOWN target compatibility denies cutover; first-safe maintenance. Retain schema, never migrate down."
rdpms-system/backend/prisma/migrations/20261005_sync_receipt_v1_scope/migration.sql,49ce6f3501ed99ae39dc9dc94386f4842c6af8a08a8468bd4ad1808d840cca55,LOCAL_FULL_CHAIN_TESTED_NOT_TARGET_CERTIFIED,NO_SECURITY_SAFE_ROLLBACK_ARTIFACT_PROVIDED,"UNKNOWN target compatibility denies cutover; first-safe maintenance. Retain schema, never migrate down."
rdpms-system/backend/prisma/migrations/20261006_milestone_delete_permission/migration.sql,d7c02343c4fa40d39365ea0b0b28eea508707e173da75ed47771b486c3e4246a,LOCAL_FULL_CHAIN_TESTED_NOT_TARGET_CERTIFIED,NO_SECURITY_SAFE_ROLLBACK_ARTIFACT_PROVIDED,"UNKNOWN target compatibility denies cutover; first-safe maintenance. Retain schema, never migrate down."
rdpms-system/backend/prisma/migrations/20261006_restore_operation_gate/migration.sql,d2f2461701f27e19d1656c0b8b758a8bda063eb68e32b20094d2232d5e8ef2bd,LOCAL_FULL_CHAIN_TESTED_NOT_TARGET_CERTIFIED,NO_SECURITY_SAFE_ROLLBACK_ARTIFACT_PROVIDED,"UNKNOWN target compatibility denies cutover; first-safe maintenance. Retain schema, never migrate down."
rdpms-system/backend/prisma/migrations/20261006_user_security_version/migration.sql,08417e6649736de0273ed81cb49e5eafe3ecb34c76dda6daaa75d51dd71991a2,LOCAL_FULL_CHAIN_TESTED_NOT_TARGET_CERTIFIED,NO_SECURITY_SAFE_ROLLBACK_ARTIFACT_PROVIDED,"UNKNOWN target compatibility denies cutover; first-safe maintenance. Retain schema, never migrate down."
rdpms-system/backend/prisma/migrations/20261007_dataset_epoch_fences/migration.sql,b8fb1670aa714152d4d25b71d7f80c9fdac77de5e175983a18c965d5c2cdca27,LOCAL_FULL_CHAIN_TESTED_NOT_TARGET_CERTIFIED,NO_SECURITY_SAFE_ROLLBACK_ARTIFACT_PROVIDED,"UNKNOWN target compatibility denies cutover; first-safe maintenance. Retain schema, never migrate down."
rdpms-system/backend/prisma/migrations/20261008_sync_commit_journal/migration.sql,adc848df0079a694992acb317f925d3d0415616b6b05575958c9dcc9a3b9a08d,LOCAL_FULL_CHAIN_TESTED_NOT_TARGET_CERTIFIED,NO_SECURITY_SAFE_ROLLBACK_ARTIFACT_PROVIDED,"UNKNOWN target compatibility denies cutover; first-safe maintenance. Retain schema, never migrate down."
