mode,runnerSha256,controlSha256,authoritativeSummary,controlLog,aggregateSummary,attemptsPresent,attemptsWithRunResults,evidenceLevel,status
normal,718d760649934d3351c8e0071e12470cbba50f23861fefb45a94d83f818064ce,14b554172c847819798e229d7bfd6158f814e2041d3c88193f54dd5c6c39a9ac,docs/remediation/2026-10-01-rdpms/execution/supplements/parallel-lr7-2026-10-04-p01/window-a-runner/controls/normal/control-summary.json,docs/remediation/2026-10-01-rdpms/execution/supplements/parallel-lr7-2026-10-04-p01/window-a-runner/controls/normal/control-output.log,docs/remediation/2026-10-01-rdpms/execution/supplements/parallel-lr7-2026-10-04-p01/window-a-runner/controls/runner-controls-summary.json,attempt-01;attempt-02;attempt-03;attempt-04;attempt-05;attempt-06;attempt-07;attempt-08;attempt-09;attempt-10;attempt-11;attempt-12;attempt-13;attempt-14;attempt-15;attempt-16;attempt-17,attempt-03;attempt-04;attempt-05;attempt-06;attempt-07;attempt-08;attempt-09;attempt-10;attempt-11;attempt-12;attempt-13;attempt-14;attempt-15;attempt-16;attempt-17,controlsSummary(harness-written)+controlsAggregate+evidenceCopy,REUSED_EXECUTOR_SIMULATED_EVIDENCE
build-nonzero,718d760649934d3351c8e0071e12470cbba50f23861fefb45a94d83f818064ce,14b554172c847819798e229d7bfd6158f814e2041d3c88193f54dd5c6c39a9ac,docs/remediation/2026-10-01-rdpms/execution/supplements/parallel-lr7-2026-10-04-p01/window-a-runner/controls/build-nonzero/control-summary.json,docs/remediation/2026-10-01-rdpms/execution/supplements/parallel-lr7-2026-10-04-p01/window-a-runner/controls/build-nonzero/control-output.log,docs/remediation/2026-10-01-rdpms/execution/supplements/parallel-lr7-2026-10-04-p01/window-a-runner/controls/runner-controls-summary.json,attempt-01;attempt-02;attempt-03;attempt-04;attempt-05;attempt-06;attempt-07;attempt-08,attempt-02;attempt-03;attempt-04;attempt-05;attempt-06;attempt-07;attempt-08,controlsSummary(harness-written)+controlsAggregate+evidenceCopy,REUSED_EXECUTOR_SIMULATED_EVIDENCE
drop-exception,718d760649934d3351c8e0071e12470cbba50f23861fefb45a94d83f818064ce,14b554172c847819798e229d7bfd6158f814e2041d3c88193f54dd5c6c39a9ac,docs/remediation/2026-10-01-rdpms/execution/supplements/parallel-lr7-2026-10-04-p01/window-a-runner/controls/drop-exception/control-summary.json,docs/remediation/2026-10-01-rdpms/execution/supplements/parallel-lr7-2026-10-04-p01/window-a-runner/controls/drop-exception/control-output.log,docs/remediation/2026-10-01-rdpms/execution/supplements/parallel-lr7-2026-10-04-p01/window-a-runner/controls/runner-controls-summary.json,attempt-01;attempt-02;attempt-03;attempt-04;attempt-05;attempt-06;attempt-07;attempt-08,attempt-02;attempt-03;attempt-04;attempt-05;attempt-06;attempt-07;attempt-08,controlsSummary(harness-written)+controlsAggregate+evidenceCopy,REUSED_EXECUTOR_SIMULATED_EVIDENCE
stop-nonzero,718d760649934d3351c8e0071e12470cbba50f23861fefb45a94d83f818064ce,14b554172c847819798e229d7bfd6158f814e2041d3c88193f54dd5c6c39a9ac,docs/remediation/2026-10-01-rdpms/execution/supplements/parallel-lr7-2026-10-04-p01/window-a-runner/controls/stop-nonzero/control-summary.json,docs/remediation/2026-10-01-rdpms/execution/supplements/parallel-lr7-2026-10-04-p01/window-a-runner/controls/stop-nonzero/control-output.log,docs/remediation/2026-10-01-rdpms/execution/supplements/parallel-lr7-2026-10-04-p01/window-a-runner/controls/runner-controls-summary.json,attempt-01;attempt-02;attempt-03;attempt-04;attempt-05;attempt-06;attempt-07;attempt-08,attempt-02;attempt-03;attempt-04;attempt-05;attempt-06;attempt-07;attempt-08,controlsSummary(harness-written)+controlsAggregate+evidenceCopy,REUSED_EXECUTOR_SIMULATED_EVIDENCE
build-timeout,718d760649934d3351c8e0071e12470cbba50f23861fefb45a94d83f818064ce,14b554172c847819798e229d7bfd6158f814e2041d3c88193f54dd5c6c39a9ac,docs/remediation/2026-10-01-rdpms/execution/supplements/parallel-lr7-2026-10-04-p01/window-a-runner/controls/build-timeout/control-summary.json,docs/remediation/2026-10-01-rdpms/execution/supplements/parallel-lr7-2026-10-04-p01/window-a-runner/controls/build-timeout/control-output.log,docs/remediation/2026-10-01-rdpms/execution/supplements/parallel-lr7-2026-10-04-p01/window-a-runner/controls/runner-controls-summary.json,attempt-01;attempt-02;attempt-03;attempt-04;attempt-05;attempt-06;attempt-07;attempt-08,attempt-02;attempt-03;attempt-04;attempt-05;attempt-06;attempt-07;attempt-08,controlsSummary(harness-written)+controlsAggregate+evidenceCopy,REUSED_EXECUTOR_SIMULATED_EVIDENCE
suite-spawn-exception,718d760649934d3351c8e0071e12470cbba50f23861fefb45a94d83f818064ce,14b554172c847819798e229d7bfd6158f814e2041d3c88193f54dd5c6c39a9ac,docs/remediation/2026-10-01-rdpms/execution/supplements/parallel-lr7-2026-10-04-p01/window-a-runner/controls/suite-spawn-exception/control-summary.json,docs/remediation/2026-10-01-rdpms/execution/supplements/parallel-lr7-2026-10-04-p01/window-a-runner/controls/suite-spawn-exception/control-output.log,docs/remediation/2026-10-01-rdpms/execution/supplements/parallel-lr7-2026-10-04-p01/window-a-runner/controls/runner-controls-summary.json,attempt-01;attempt-02;attempt-03;attempt-04;attempt-05;attempt-06;attempt-07;attempt-08,attempt-02;attempt-03;attempt-04;attempt-05;attempt-06;attempt-07;attempt-08,controlsSummary(harness-written)+controlsAggregate+evidenceCopy,REUSED_EXECUTOR_SIMULATED_EVIDENCE
result-write-oserror,718d760649934d3351c8e0071e12470cbba50f23861fefb45a94d83f818064ce,14b554172c847819798e229d7bfd6158f814e2041d3c88193f54dd5c6c39a9ac,docs/remediation/2026-10-01-rdpms/execution/supplements/parallel-lr7-2026-10-04-p01/window-a-runner/controls/result-write-oserror/control-summary.json,docs/remediation/2026-10-01-rdpms/execution/supplements/parallel-lr7-2026-10-04-p01/window-a-runner/controls/result-write-oserror/control-output.log,docs/remediation/2026-10-01-rdpms/execution/supplements/parallel-lr7-2026-10-04-p01/window-a-runner/controls/runner-controls-summary.json,attempt-01;attempt-02;attempt-03;attempt-04;attempt-05;attempt-06;attempt-07;attempt-08,,controlsSummary(harness-written)+controlsAggregate+evidenceCopy,REUSED_EXECUTOR_SIMULATED_EVIDENCE
normal-log-ioerror,718d760649934d3351c8e0071e12470cbba50f23861fefb45a94d83f818064ce,14b554172c847819798e229d7bfd6158f814e2041d3c88193f54dd5c6c39a9ac,docs/remediation/2026-10-01-rdpms/execution/supplements/parallel-lr7-2026-10-04-p01/window-a-runner/controls/normal-log-ioerror/control-summary.json,docs/remediation/2026-10-01-rdpms/execution/supplements/parallel-lr7-2026-10-04-p01/window-a-runner/controls/normal-log-ioerror/control-output.log,docs/remediation/2026-10-01-rdpms/execution/supplements/parallel-lr7-2026-10-04-p01/window-a-runner/controls/runner-controls-summary.json,attempt-01;attempt-02;attempt-03;attempt-04;attempt-05;attempt-06;attempt-07;attempt-08,attempt-02;attempt-03;attempt-04;attempt-05;attempt-06;attempt-07;attempt-08,controlsSummary(harness-written)+controlsAggregate+evidenceCopy,REUSED_EXECUTOR_SIMULATED_EVIDENCE
timeout-log-ioerror,718d760649934d3351c8e0071e12470cbba50f23861fefb45a94d83f818064ce,14b554172c847819798e229d7bfd6158f814e2041d3c88193f54dd5c6c39a9ac,docs/remediation/2026-10-01-rdpms/execution/supplements/parallel-lr7-2026-10-04-p01/window-a-runner/controls/timeout-log-ioerror/control-summary.json,docs/remediation/2026-10-01-rdpms/execution/supplements/parallel-lr7-2026-10-04-p01/window-a-runner/controls/timeout-log-ioerror/control-output.log,docs/remediation/2026-10-01-rdpms/execution/supplements/parallel-lr7-2026-10-04-p01/window-a-runner/controls/runner-controls-summary.json,attempt-01;attempt-02;attempt-03;attempt-04;attempt-05;attempt-06;attempt-07;attempt-08,attempt-02;attempt-03;attempt-04;attempt-05;attempt-06;attempt-07;attempt-08,controlsSummary(harness-written)+controlsAggregate+evidenceCopy,REUSED_EXECUTOR_SIMULATED_EVIDENCE
AGGREGATE,,,docs/remediation/2026-10-01-rdpms/execution/supplements/parallel-lr7-2026-10-04-p01/window-a-runner/controls/runner-controls-summary.json,,,,,harness aggregate of 9 modes,REUSED_EXECUTOR_SIMULATED_EVIDENCE
