decisionId,sourceStatus,ownerRoles,scope,options,proposalNotApproval,affectedTaskIds,contracts,condition,fieldsToComplete,approvalEvidenceRequired,approvedBy,approvedAt,evidenceRef,postPreparationStatus
D-S01-01,PENDING,Product owner; Security owner; System governance approver,"Reset, enable, disable and delete routes; SUPER_ADMIN recovery and account governance.","[""Forbid reset/disable of equal or higher-ranked accounts; define separate emergency flow."", ""Allow only explicitly ranked superior roles, with approval and audit requirements."", ""Keep permission-only control as an intentional policy, with explicit scope.""]",null,RP01-T02,PC02,RP01-T02 rank/reset only; D-S01-02 separate forced-password-change scope.,selected actor/target hierarchy; emergency path; routes/actions; audit/residual risk; named approver/date/evidence,chosen option / precise scope; named approver and date; compatible client/schema window; risk acceptance if any; not a fixed finding,,,,PENDING
D-S01-02,PENDING,Security owner; Product owner,"First-login session permissions, account takeover containment, bootstrap UX.","[""Restrict the session server-side to password change, logout and required self-service endpoints."", ""Restrict only sensitive operations with an explicit allowlist."", ""Intentionally retain current route-local enforcement and document rationale.""]",null,RP01-T02,,Only forced-password-change sub-scope of RP01-T02.,server endpoint allowlist; enforcement behavior; client window; risk acceptance; named approver/date/evidence,chosen option / precise scope; named approver and date; compatible client/schema window; risk acceptance if any; not a fixed finding,,,,PENDING
D-S01-03,PENDING,IAM/security owner; Product owner,"Role creation and assignment DTOs, permission administration and M-1 role contract.","[""Custom roles cannot be assigned; constrain creation to its intended use."", ""Custom roles can be assigned; define permission grant, lifecycle and management policy."", ""Only specified administrative roles can assign custom roles.""]",null,RP01-T03,,RP01-T03 OPTIONAL_INACTIVE; do not activate for ordinary repair.,whether assignable; who can manage; permission lifecycle/seed/M-1 constraints; activation scope and approvers,chosen option / precise scope; named approver and date; compatible client/schema window; risk acceptance if any; not a fixed finding,,,,PENDING
D-S01-05,PENDING,Product owner; Data/privacy owner; M-1 governance approver,"Registration list/stats/detail/update/stage/profile/export and linked profile, tasks, members and regulatory data; SUPER_ADMIN audit.","[""Apply the general project membership/capability boundary to all registration routes."", ""Allow global read for a defined field/statistics subset; keep writes membership-scoped."", ""Allow specified roles broader read/write, enumerating route and field scope.""]",null,RP06-T01; RP08-T01,PC02,RP06-T01 gated; D-S01-05 condition false for accepted ordinary RP08-T01 scope.,registration endpoints/roles/fields; global exception or none; write membership boundary; linked-data projection; audit/approvers,chosen option / precise scope; named approver and date; compatible client/schema window; risk acceptance if any; not a fixed finding,,,,PENDING
D-S01-06,PENDING,Project governance owner; Product owner; Technical owner,"Project and registration create/update, HTTP/sync behavior, membership roles, visibility and transfer atomicity.","[""managerId must identify an active ProjectMember with MANAGER role."", ""A manager may be a non-member; define whether managerId grants any visibility or capability (recommended explicit no implicit grant)."", ""managerId is display metadata only; authorization derives exclusively from ProjectMember.""]",null,RP06-T02; RP07-T02,PC02; PC07,RP07-T02/RP06-T02; S03-OI-07 reuses same decision.,manager-member rule; visibility/capability consequence; transfer transaction/rejection behavior; sync compatibility; approvers,chosen option / precise scope; named approver and date; compatible client/schema window; risk acceptance if any; not a fixed finding,,,,PENDING
D-S01-07,PENDING,Report workflow product owner; Audit/compliance owner,"Report submit/version snapshots, resubmission UX, approval workflow and audit evidence.","[""Allow submit only from DRAFT and NEEDS_REVISION."", ""Allow resubmit from SUBMITTED under a defined version/update rule; distinguish same-key replay from a new-key command."", ""Approve another explicit transition table and reviewer concurrency behavior.""]",null,RP10-T02; RP10-T03,,RP10-T03 gated; do not rework accepted RP10-T02 snapshot.,source state table; same-key replay vs new-key resubmit; reviewer concurrency/version/audit; compatibility; approvers,chosen option / precise scope; named approver and date; compatible client/schema window; risk acceptance if any; not a fixed finding,,,,PENDING
D-S01-08,PENDING,Project governance owner; Data architecture owner; Technical owner,"HTTP/sync commands, schema constraints, recursive deletion, restore, existing data migration and offline caches.","[""Require task parent and phase same-project/live references, enforce an acyclic dependency DAG, and define aggregate tombstone/restore behavior."", ""Require same-project references, preserve/label existing cycle and soft-delete anomalies during staged cleanup, and define DAG enforcement scope."", ""Approve another explicit relation and tombstone contract, including physical delete and offline sync propagation.""]",null,RP05-T02; RP05-T03; RP13-T03; RP15-T02; RP15-T03,PC07,RP05-T02 normal relation contract; RP05-T03 DAG remains optional; data cleanup needs separate snapshot.,live/same-project relations; DAG scope; tombstone/restore/physical delete; legacy anomalies; schema/client window; owner evidence,chosen option / precise scope; named approver and date; compatible client/schema window; risk acceptance if any; not a fixed finding,,,,PENDING
T-RP-05,PROPOSED,安全/文件负责人,INFECTED阻断固定；FAILED/SKIPPED、metadata/字节以及敏感/拒绝审计合同。,[],null,RP14-T02,PC02,"RP14-T02: keep INFECTED block; define FAILED/SKIPPED, metadata/bytes/delete/elevated audit.",each scan-state action; metadata vs bytes/read/delete; elevated roles; denial audit; legacy unscanned files; named owner,chosen option / precise scope; named approver and date; compatible client/schema window; risk acceptance if any; not a fixed finding,,,,PROPOSED
T-RP-06,PROPOSED,数据库/备份负责人,JSON模块完整unique/FK、merge/replace、count和提交后核查失败状态；与整库/文件DR区分。,[],null,RP16-T01; RP16-T02,PC06; PC07,"RP16-T01/T02: exact module registry, merge/replace/count, post-commit failure; separate full DR.",exact JSON modules; unique/FK registry; merge/replace/conflict/count; commit vs post-commit error; target schema and owner,chosen option / precise scope; named approver and date; compatible client/schema window; risk acceptance if any; not a fixed finding,,,,PROPOSED
