caseId,originalResult,proposedScopeOnly,actualEvidenceObserved,reviewDisposition,remainingRequirement,changesToOriginalMatrix
AC-B04-02,NOT_RUN,RP08-T02,existing RP08 actor/read permission cases; full cached-row eviction/IDB not run,PARTIAL_SERVER_SCOPE_ONLY,T-RP-04/T-RP-12; real non-empty owner IDB/cache revocation/backfill required,NONE
AC-B11-02,NOT_RUN,RP14-T02,RP14-T01/runs/2026-10-02-followup-validation/acceptance.json: AC-B11-02 NOT_RUN,CONTRACT_PENDING,T-RP-05 must define FAILED/SKIPPED; infected/CLEAN byte-read evidence cannot substitute,NONE
AC-B19-01,ENV_BLOCKED,RP05-T01 scope reconciliation,RP05-T01/runs/2026-10-02-continuous-rework/acceptance.json: AC-B19-01 PASS,LOCAL_RUN_EVIDENCE_AVAILABLE,"Check HTTP/sync successful fixture, exact current source and assertions; no automatic broader JWT/target PASS",NONE
AC-B19-02,NOT_RUN,optional RP05-T03,same-project guards do not prove all cycle lengths rejected,OPTIONAL_SCOPE_NOT_APPROVED,D-S01-08 and explicit DAG activation; do not count as required implementation by default,NONE
AC-B19-03,ENV_BLOCKED,RP05-T01 / RP05-T02 exact scope review,RP05-T01 continuous run: AC-B19-03 PASS for external child containment,PARTIAL_ASSERTION_MATCH,Recursive operation projectId contract broader than single external-child guard; enumerate covered paths before deciding residual scope,NONE
AC-B19-04,NOT_RUN,RP15 data-owner path,no actual inventory can be inferred from synthetic rows,DATA_INPUT_REQUIRED,S04-OI-01 authorized schema and aggregated anomaly evidence; no cleanup now,NONE
PAC-RP04-01,ENV_BLOCKED,RP04-T01 local evidence review,RP04-T01 followup validation: AC-B03-01/02/03 PASS,LOCAL_RUN_EVIDENCE_AVAILABLE,Map exact legal/illegal transition and default startDate assertions; preserve target/JWT limits,NONE
PAC-RP04-02,ENV_BLOCKED,RP04-T02 / RP09-T01 joint acceptance,RP04-T02 2026-10-03 b18 run: AC-B18-01/02 PASS,LOCAL_PASS_JOINT_OPEN,Reuse aggregate/no duplicate local cases; RP09 acceptance dependency/PC03 still open,NONE
PAC-RP04-03,ENV_BLOCKED,RP04-T01 project-level scope,RP04-T01 followup: AC-B20-01/02/03 PASS,LOCAL_RUN_EVIDENCE_AVAILABLE,"Project list/count/stats/detail assertions; stage-resource policy separate and unresolved, no expanded stage fix",NONE
PAC-RP04-04,ENV_BLOCKED,RP04-T02 / RP09-T01 joint acceptance,RP04-T02 continuous run: PAC-RP04-04 ENV_BLOCKED despite local fault PASS,LOCAL_PASS_JOINT_OPEN,Confirm exact sequence/child/audit/receipt fault evidence and retained ids; PC03 joint not complete,NONE
PAC-RP05-01,ENV_BLOCKED,RP05-T01 scope reconciliation,RP05-T01 continuous run: PAC-RP05-01 PASS,LOCAL_RUN_EVIDENCE_AVAILABLE,Verify legal reachable fixture first; match original ID/attachment/link preservation scope,NONE
PAC-RP05-02,ENV_BLOCKED,RP05-T01 scope reconciliation,RP05-T01 continuous run: PAC-RP05-02 PASS,LOCAL_RUN_EVIDENCE_AVAILABLE,Map HTTP/sync/nested cases individually; no new code justified merely by stale ledger result,NONE
PAC-RP05-03,ENV_BLOCKED,RP05-T01 scope reconciliation,RP05-T01 continuous run: PAC-RP05-03 PASS,LOCAL_RUN_EVIDENCE_AVAILABLE,Inspect exact A/B parent-child before/after and source binding; do not rerun all historical tests,NONE
