check,expected,actual,status,evidence
All first-round packet files,R00-R14 have review.md/findings.json/coverage.csv,missing=[],PASS,execution/Rxx
Canonical verification vocabulary,"['HISTORICAL_ONLY', 'NOT_NEEDED', 'PLANNED_NOT_RUN', 'RUN_ERROR', 'RUN_NOT_REPRODUCED', 'RUN_REPRODUCED']",invalid=[],PASS,Rxx/findings.json
Canonical coverage vocabulary,"['NOT_APPLICABLE', 'PENDING', 'REVIEWED']",invalid=[],PASS,Rxx/coverage.csv
Source anchors,Existing path with valid inclusive line span,invalid=[],PASS,Rxx/findings.json
Historical finding reconciliation,28/28 IDs present,28/28; missing=[],PASS,R14/findings.json
R00 human-readable baseline,baseline.md exists,True,PASS,R00/baseline.md
R14 packet findings file,findings.json is an array equal to packet source records,32 records; exact concatenation of R01-R13 findings arrays verified,PASS,R14/findings.json
R09 missing original start HEAD,Do not reconstruct from end HEAD,UNKNOWN_NOT_RECORDED,PENDING,state.json R09 headRecordLimitation
First-round source digest references,97 references match current source,0 mismatch(es),PASS,R01-R13/source-digests.json
Frozen historical audit manifest,11/11 hashes match,11/11; mismatches=[],PASS,R00/baseline.json; docs/audits/2026-09-29-rdpms/manifest.json
C01-C08 card contract,"8 cards each carry file scope, decisions, invariants, acceptance, rollback, stop and result format",8 cards; missing=[],PASS,R14/REMEDIATION_CARDS.md
New ID aliases,Preserve existing IDs and explicitly list standard aliases,"{'R06-N01': ['N-R06-01'], 'R12-N01': ['N-R12-01']}",PASS,R06/findings.json; R12/findings.json
