case_id,decision,scenario,required_owner,required_env,required_data,expected_result,run_status,this_round
AC-T-RP-04-BARRIER,T-RP-04,"owned PostgreSQL two sessions: A opens txn+outbox, pauses; B pulls cut; commit A; next pull returns A's exact source revision after prior checkpoint","DB/架构负责人","new local PG (rdpms_test_* guard, loopback, private 0600 env, not shared/prod)","sync entity write + outbox in same tx","no permanent hole; exact revision returned; checkpoint not advanced before IDB apply","NOT_RUN","no real DB this round"
AC-T-RP-04-SAME_TS,T-RP-04,"same-timestamp changes + late commit + competing publishers","DB/架构负责人","same as above","two publishers, retries, rollback","sequence order unique; no omission; rollback discards assignment+event","NOT_RUN","no real DB this round"
AC-T-RP-04-SNAPSHOT,T-RP-04,"bootstrap snapshot cut + replay newer events; duplicate/equal revision ignored","DB/架构负责人","same as above","snapshot + post-cut events","idempotent; no revision regression","NOT_RUN","no real DB this round"
AC-T-RP-04-ACL_RECHECK,T-RP-04,"role change / revoke mid multi-page pull","DB/架构负责人 + 前端","same + browser/IDB","member role change during pull","per-page ACL recheck; newly unauthorized local rows purged; actor outbox retained","NOT_RUN","no runtime this round"
AC-T-RP-04-RESET,T-RP-04,"expired cursor / epoch change -> RESET_REQUIRED","DB/架构负责人 + 前端","same + browser/IDB","cursor older than retention","RESET preserves local outbox/dead-letter; controlled resnapshot","NOT_RUN","epoch not implemented"
AC-T-RP-12-CONFLICT,T-RP-12,"user views/selects/exports/abandons a conflict item","产品/前端负责人","browser/IDB multi-tab","conflict result from push","view/export/abandon authorized; re-push new key no overwrite of sent record","NOT_RUN","no runtime this round"
AC-T-RP-12-DEADLETTER,T-RP-12,"user retries/drops/exports a rejected (dead-letter) item","产品/前端负责人","browser/IDB","rejected payload in dead-letter","retry re-judged by current perms; drop only after explicit action; copy preserved until then","NOT_RUN","no runtime this round"
AC-T-RP-12-UNKNOWN,T-RP-12,"server returns unknown receipt status","产品/前端负责人","browser/IDB","new unknown status","payload preserved; surfaced for user decision","NOT_RUN","gap: status not in schema"
AC-T-RP-12-OVERSIZE,T-RP-12,"oversize/quota payload at enqueue","产品/前端负责人","browser/IDB","payload exceeding quota","size guard at enqueue; preserved in dead-letter; export/abandon","NOT_RUN","gap: no size guard"
AC-T-RP-12-QUARANTINE,T-RP-12,"quarantined item review by authorized owner","产品/数据负责人","browser/IDB","quarantined record","distinct from rejected; authorized owner review/export/abandon","NOT_RUN","gap: no quarantine concept"
AC-T-RP-12-REVOKE,T-RP-12,"non-empty ACL revoke then offline restore","产品/数据/前端负责人","browser/IDB multi-tab + owned PG","user with active outbox loses role","unsent owner payload retained; local purge only of newly unauthorized; no cross-owner leak","NOT_RUN","no runtime this round"
