task_id,implementation,validation,implementation_dependencies_unmet,implementation_gates,activation,progress_boundary
RP01-T02,NOT_STARTED,NOT_RUN,,D-S01-01 [always] status=PENDING;D-S01-02 [only forced-password-change/business allowlist sub-scope; rank/reset protection uses D-S01-01 independently] status=PENDING,STANDARD_WHEN_IMPLEMENTATION_AUTHORIZED,Conditional gates require actual scope evaluation; listed is not blanket blocking
RP01-T03,NOT_STARTED,NOT_RUN,,D-S01-03 [always] status=PENDING,CONDITIONAL_NOT_APPROVED,Conditional gates require actual scope evaluation; listed is not blanket blocking
RP03-T02,NOT_STARTED,NOT_RUN,,D-S01-04 [always] status=PENDING;T-RP-09 [always] status=APPROVED;S03-OI-06 [same D-S01-04 approval; no second approval required] status=check OPEN_ITEM_GATES and exact scope,STANDARD_WHEN_IMPLEMENTATION_AUTHORIZED,Conditional gates require actual scope evaluation; listed is not blanket blocking
RP05-T02,NOT_STARTED,NOT_RUN,,D-S01-08 [always] status=PENDING;T-RP-07 [always] status=PROPOSED;S03-OI-05 [only if stale/delete command adapter is changed; no gate on unrelated task fields or report snapshot] status=check OPEN_ITEM_GATES and exact scope,STANDARD_WHEN_IMPLEMENTATION_AUTHORIZED,Conditional gates require actual scope evaluation; listed is not blanket blocking
RP05-T03,NOT_STARTED,NOT_RUN,RP05-T02,D-S01-08 [DAG/live policy approved] status=PENDING,CONDITIONAL_NOT_APPROVED,Conditional gates require actual scope evaluation; listed is not blanket blocking
RP06-T01,NOT_STARTED,NOT_RUN,,D-S01-05 [always] status=PENDING,STANDARD_WHEN_IMPLEMENTATION_AUTHORIZED,Conditional gates require actual scope evaluation; listed is not blanket blocking
RP06-T02,NOT_STARTED,NOT_RUN,RP06-T01;RP07-T02,D-S01-06 [always] status=PENDING,STANDARD_WHEN_IMPLEMENTATION_AUTHORIZED,Conditional gates require actual scope evaluation; listed is not blanket blocking
RP07-T02,NOT_STARTED,NOT_RUN,,D-S01-06 [always] status=PENDING;S03-OI-07 [same D-S01-06 approval; no second approval required] status=check OPEN_ITEM_GATES and exact scope,STANDARD_WHEN_IMPLEMENTATION_AUTHORIZED,Conditional gates require actual scope evaluation; listed is not blanket blocking
RP08-T02,NOT_STARTED,NOT_RUN,,T-RP-04 [always] status=PROPOSED;T-RP-12 [always] status=PROPOSED,STANDARD_WHEN_IMPLEMENTATION_AUTHORIZED,Conditional gates require actual scope evaluation; listed is not blanket blocking
RP09-T01,NOT_STARTED,NOT_RUN,,T-RP-02 [always] status=PROPOSED;T-RP-07 [delete command adapter modified] status=PROPOSED;S03-OI-05 [only if stale/delete command adapter is changed; no gate on unrelated task fields or report snapshot] status=check OPEN_ITEM_GATES and exact scope,STANDARD_WHEN_IMPLEMENTATION_AUTHORIZED,Conditional gates require actual scope evaluation; listed is not blanket blocking
RP09-T02,NOT_STARTED,NOT_RUN,RP09-T01,T-RP-02 [always] status=PROPOSED,STANDARD_WHEN_IMPLEMENTATION_AUTHORIZED,Conditional gates require actual scope evaluation; listed is not blanket blocking
RP10-T01,NOT_STARTED,NOT_RUN,,T-RP-03 [always] status=PROPOSED;S03-OI-05 [only if stale/delete command adapter is changed; no gate on unrelated task fields or report snapshot] status=check OPEN_ITEM_GATES and exact scope,STANDARD_WHEN_IMPLEMENTATION_AUTHORIZED,Conditional gates require actual scope evaluation; listed is not blanket blocking
RP11-T01,NOT_STARTED,NOT_RUN,,T-RP-09 [always] status=APPROVED;T-RP-12 [always] status=PROPOSED,STANDARD_WHEN_IMPLEMENTATION_AUTHORIZED,Conditional gates require actual scope evaluation; listed is not blanket blocking
RP11-T02,NOT_STARTED,NOT_RUN,RP11-T01,T-RP-01 [always] status=PROPOSED,STANDARD_WHEN_IMPLEMENTATION_AUTHORIZED,Conditional gates require actual scope evaluation; listed is not blanket blocking
RP11-T03,NOT_STARTED,NOT_RUN,RP11-T01,T-RP-12 [always] status=PROPOSED,STANDARD_WHEN_IMPLEMENTATION_AUTHORIZED,Conditional gates require actual scope evaluation; listed is not blanket blocking
RP12-T01,NOT_STARTED,NOT_RUN,RP11-T01,T-RP-11 [always] status=PROPOSED,STANDARD_WHEN_IMPLEMENTATION_AUTHORIZED,Conditional gates require actual scope evaluation; listed is not blanket blocking
RP12-T02,NOT_STARTED,NOT_RUN,RP12-T01;RP09-T01;RP11-T03,T-RP-02 [always] status=PROPOSED;T-RP-12 [always] status=PROPOSED,STANDARD_WHEN_IMPLEMENTATION_AUTHORIZED,Conditional gates require actual scope evaluation; listed is not blanket blocking
RP13-T03,NOT_STARTED,NOT_RUN,RP09-T01;RP08-T02;RP11-T02,T-RP-04 [always] status=PROPOSED;T-RP-10 [always] status=PROPOSED;D-S01-08 [only when approved delete/live-reference/tombstone semantics are changed] status=PENDING,STANDARD_WHEN_IMPLEMENTATION_AUTHORIZED,Conditional gates require actual scope evaluation; listed is not blanket blocking
RP15-T01,IN_PROGRESS,ENV_BLOCKED,,,STANDARD_WHEN_IMPLEMENTATION_AUTHORIZED,Conditional gates require actual scope evaluation; listed is not blanket blocking
RP15-T02,NOT_STARTED,NOT_RUN,RP15-T01,D-S01-08 [always] status=PENDING;T-RP-11 [always] status=PROPOSED,STANDARD_WHEN_IMPLEMENTATION_AUTHORIZED,Conditional gates require actual scope evaluation; listed is not blanket blocking
RP15-T03,NOT_STARTED,NOT_RUN,RP15-T02,D-S01-08 [always] status=PENDING,STANDARD_WHEN_IMPLEMENTATION_AUTHORIZED,Conditional gates require actual scope evaluation; listed is not blanket blocking
RP16-T01,NOT_STARTED,NOT_RUN,,T-RP-06 [always] status=PROPOSED,STANDARD_WHEN_IMPLEMENTATION_AUTHORIZED,Conditional gates require actual scope evaluation; listed is not blanket blocking
RP16-T02,NOT_STARTED,NOT_RUN,RP16-T01,T-RP-06 [always] status=PROPOSED,STANDARD_WHEN_IMPLEMENTATION_AUTHORIZED,Conditional gates require actual scope evaluation; listed is not blanket blocking
RP16-T03,NOT_STARTED,NOT_RUN,RP16-T02,T-RP-10 [always] status=PROPOSED,STANDARD_WHEN_IMPLEMENTATION_AUTHORIZED,Conditional gates require actual scope evaluation; listed is not blanket blocking
RP17-T02,NOT_STARTED,NOT_RUN,,T-RP-11 [always] status=PROPOSED,STANDARD_WHEN_IMPLEMENTATION_AUTHORIZED,Conditional gates require actual scope evaluation; listed is not blanket blocking
RP17-T03,NOT_STARTED,NOT_RUN,RP17-T02,,STANDARD_WHEN_IMPLEMENTATION_AUTHORIZED,Conditional gates require actual scope evaluation; listed is not blanket blocking
RP18-T01,NOT_STARTED,NOT_RUN,,T-RP-08 [always] status=PROPOSED;T-RP-09 [always] status=APPROVED,STANDARD_WHEN_IMPLEMENTATION_AUTHORIZED,Conditional gates require actual scope evaluation; listed is not blanket blocking
RP18-T02,NOT_STARTED,NOT_RUN,RP18-T01,T-RP-13 [always] status=PROPOSED,STANDARD_WHEN_IMPLEMENTATION_AUTHORIZED,Conditional gates require actual scope evaluation; listed is not blanket blocking
RP18-T03,NOT_STARTED,NOT_RUN,RP18-T02,T-RP-08 [always] status=PROPOSED,STANDARD_WHEN_IMPLEMENTATION_AUTHORIZED,Conditional gates require actual scope evaluation; listed is not blanket blocking
RP19-T02,NOT_STARTED,NOT_RUN,RP17-T02;RP18-T01,T-RP-10 [always] status=PROPOSED,STANDARD_WHEN_IMPLEMENTATION_AUTHORIZED,Conditional gates require actual scope evaluation; listed is not blanket blocking
RP19-T03,NOT_STARTED,NOT_RUN,RP18-T02;RP17-T03,T-RP-13 [always] status=PROPOSED,STANDARD_WHEN_IMPLEMENTATION_AUTHORIZED,Conditional gates require actual scope evaluation; listed is not blanket blocking
RP19-T04,IN_PROGRESS,ENV_BLOCKED,,,STANDARD_WHEN_IMPLEMENTATION_AUTHORIZED,Conditional gates require actual scope evaluation; listed is not blanket blocking
