taskId,caseId,sourceDataRow,sourceResult,planningStatus,source
RP01-T02,AC-B01-01,2,NOT_RUN,SPECIFICATION_ONLY,docs/remediation/2026-10-01-rdpms/ACCEPTANCE_MATRIX.csv
RP01-T02,AC-B01-02,3,NOT_RUN,SPECIFICATION_ONLY,docs/remediation/2026-10-01-rdpms/ACCEPTANCE_MATRIX.csv
RP01-T02,AC-B01-03,4,NOT_RUN,SPECIFICATION_ONLY,docs/remediation/2026-10-01-rdpms/ACCEPTANCE_MATRIX.csv
RP01-T02,AC-B01-04,5,NOT_RUN,SPECIFICATION_ONLY,docs/remediation/2026-10-01-rdpms/ACCEPTANCE_MATRIX.csv
RP01-T02,PAC-RP01-01,103,NOT_RUN,SPECIFICATION_ONLY,docs/remediation/2026-10-01-rdpms/ACCEPTANCE_MATRIX.csv
RP01-T02,PAC-RP01-02,104,NOT_RUN,SPECIFICATION_ONLY,docs/remediation/2026-10-01-rdpms/ACCEPTANCE_MATRIX.csv
RP01-T02,PAC-RP01-04,106,NOT_RUN,SPECIFICATION_ONLY,docs/remediation/2026-10-01-rdpms/ACCEPTANCE_MATRIX.csv
RP01-T02,PAC-RP01-05,107,NOT_RUN,SPECIFICATION_ONLY,docs/remediation/2026-10-01-rdpms/ACCEPTANCE_MATRIX.csv
RP01-T02,TASK-RP01-T02,196,NOT_RUN,SPECIFICATION_ONLY,docs/remediation/2026-10-01-rdpms/ACCEPTANCE_MATRIX.csv
RP01-T02,INT-PC02-01,245,NOT_RUN,SPECIFICATION_ONLY,docs/remediation/2026-10-01-rdpms/ACCEPTANCE_MATRIX.csv
RP01-T02,GATE-D-S01-01,257,NOT_RUN,SPECIFICATION_ONLY,docs/remediation/2026-10-01-rdpms/ACCEPTANCE_MATRIX.csv
RP01-T02,GATE-D-S01-02,258,NOT_RUN,SPECIFICATION_ONLY,docs/remediation/2026-10-01-rdpms/ACCEPTANCE_MATRIX.csv
RP01-T02,DECISION-D-S01-01,287,NOT_RUN,SPECIFICATION_ONLY,docs/remediation/2026-10-01-rdpms/ACCEPTANCE_MATRIX.csv
RP01-T02,DECISION-D-S01-02,288,NOT_RUN,SPECIFICATION_ONLY,docs/remediation/2026-10-01-rdpms/ACCEPTANCE_MATRIX.csv
RP01-T03,TASK-RP01-T03,197,NOT_RUN,SPECIFICATION_ONLY,docs/remediation/2026-10-01-rdpms/ACCEPTANCE_MATRIX.csv
RP01-T03,GATE-D-S01-03,259,NOT_RUN,SPECIFICATION_ONLY,docs/remediation/2026-10-01-rdpms/ACCEPTANCE_MATRIX.csv
RP01-T03,DECISION-D-S01-03,289,NOT_RUN,SPECIFICATION_ONLY,docs/remediation/2026-10-01-rdpms/ACCEPTANCE_MATRIX.csv
RP02-T02,AC-B15-01,13,NOT_RUN,SPECIFICATION_ONLY,docs/remediation/2026-10-01-rdpms/ACCEPTANCE_MATRIX.csv
RP02-T02,AC-B15-02,14,NOT_RUN,SPECIFICATION_ONLY,docs/remediation/2026-10-01-rdpms/ACCEPTANCE_MATRIX.csv
RP02-T02,AC-B15-03,15,NOT_RUN,SPECIFICATION_ONLY,docs/remediation/2026-10-01-rdpms/ACCEPTANCE_MATRIX.csv
RP02-T02,AC-B15-04,16,NOT_RUN,SPECIFICATION_ONLY,docs/remediation/2026-10-01-rdpms/ACCEPTANCE_MATRIX.csv
RP02-T02,PAC-RP02-02,109,NOT_RUN,SPECIFICATION_ONLY,docs/remediation/2026-10-01-rdpms/ACCEPTANCE_MATRIX.csv
RP02-T02,PAC-RP02-03,110,NOT_RUN,SPECIFICATION_ONLY,docs/remediation/2026-10-01-rdpms/ACCEPTANCE_MATRIX.csv
RP02-T02,PAC-RP02-04,111,NOT_RUN,SPECIFICATION_ONLY,docs/remediation/2026-10-01-rdpms/ACCEPTANCE_MATRIX.csv
RP02-T02,PAC-RP02-05,112,NOT_RUN,SPECIFICATION_ONLY,docs/remediation/2026-10-01-rdpms/ACCEPTANCE_MATRIX.csv
RP02-T02,TASK-RP02-T02,199,NOT_RUN,SPECIFICATION_ONLY,docs/remediation/2026-10-01-rdpms/ACCEPTANCE_MATRIX.csv
RP02-T02,INT-PC01-01,244,NOT_RUN,SPECIFICATION_ONLY,docs/remediation/2026-10-01-rdpms/ACCEPTANCE_MATRIX.csv
RP02-T02,DECISION-T-RP-09,303,NOT_RUN,SPECIFICATION_ONLY,docs/remediation/2026-10-01-rdpms/ACCEPTANCE_MATRIX.csv
RP03-T01,AC-N-R02-01-01,17,NOT_RUN,SPECIFICATION_ONLY,docs/remediation/2026-10-01-rdpms/ACCEPTANCE_MATRIX.csv
RP03-T01,AC-N-R02-01-02,18,NOT_RUN,SPECIFICATION_ONLY,docs/remediation/2026-10-01-rdpms/ACCEPTANCE_MATRIX.csv
RP03-T01,PAC-RP03-01,113,NOT_RUN,SPECIFICATION_ONLY,docs/remediation/2026-10-01-rdpms/ACCEPTANCE_MATRIX.csv
RP03-T01,PAC-RP03-02,114,NOT_RUN,SPECIFICATION_ONLY,docs/remediation/2026-10-01-rdpms/ACCEPTANCE_MATRIX.csv
RP03-T01,PAC-RP03-05,117,NOT_RUN,SPECIFICATION_ONLY,docs/remediation/2026-10-01-rdpms/ACCEPTANCE_MATRIX.csv
RP03-T01,TASK-RP03-T01,200,NOT_RUN,SPECIFICATION_ONLY,docs/remediation/2026-10-01-rdpms/ACCEPTANCE_MATRIX.csv
RP03-T01,INT-PC01-01,244,NOT_RUN,SPECIFICATION_ONLY,docs/remediation/2026-10-01-rdpms/ACCEPTANCE_MATRIX.csv
RP03-T01,GATE-S02-OPEN-05,269,NOT_RUN,SPECIFICATION_ONLY,docs/remediation/2026-10-01-rdpms/ACCEPTANCE_MATRIX.csv
RP03-T01,DECISION-T-RP-09,303,NOT_RUN,SPECIFICATION_ONLY,docs/remediation/2026-10-01-rdpms/ACCEPTANCE_MATRIX.csv
RP03-T02,AC-N-R02-02-01,19,NOT_RUN,SPECIFICATION_ONLY,docs/remediation/2026-10-01-rdpms/ACCEPTANCE_MATRIX.csv
RP03-T02,AC-N-R02-02-02,20,NOT_RUN,SPECIFICATION_ONLY,docs/remediation/2026-10-01-rdpms/ACCEPTANCE_MATRIX.csv
RP03-T02,PAC-RP03-03,115,NOT_RUN,SPECIFICATION_ONLY,docs/remediation/2026-10-01-rdpms/ACCEPTANCE_MATRIX.csv
RP03-T02,PAC-RP03-04,116,NOT_RUN,SPECIFICATION_ONLY,docs/remediation/2026-10-01-rdpms/ACCEPTANCE_MATRIX.csv
RP03-T02,TASK-RP03-T02,201,NOT_RUN,SPECIFICATION_ONLY,docs/remediation/2026-10-01-rdpms/ACCEPTANCE_MATRIX.csv
RP03-T02,INT-PC01-01,244,NOT_RUN,SPECIFICATION_ONLY,docs/remediation/2026-10-01-rdpms/ACCEPTANCE_MATRIX.csv
RP03-T02,INT-PC06-01,249,NOT_RUN,SPECIFICATION_ONLY,docs/remediation/2026-10-01-rdpms/ACCEPTANCE_MATRIX.csv
RP03-T02,GATE-D-S01-04,260,NOT_RUN,SPECIFICATION_ONLY,docs/remediation/2026-10-01-rdpms/ACCEPTANCE_MATRIX.csv
RP03-T02,GATE-S03-OI-06,277,NOT_RUN,SPECIFICATION_ONLY,docs/remediation/2026-10-01-rdpms/ACCEPTANCE_MATRIX.csv
RP03-T02,DECISION-D-S01-04,290,NOT_RUN,SPECIFICATION_ONLY,docs/remediation/2026-10-01-rdpms/ACCEPTANCE_MATRIX.csv
RP03-T02,DECISION-T-RP-09,303,NOT_RUN,SPECIFICATION_ONLY,docs/remediation/2026-10-01-rdpms/ACCEPTANCE_MATRIX.csv
RP05-T02,AC-B02-01,21,ENV_BLOCKED,SPECIFICATION_ONLY,docs/remediation/2026-10-01-rdpms/ACCEPTANCE_MATRIX.csv
RP05-T02,AC-B02-02,22,NOT_RUN,SPECIFICATION_ONLY,docs/remediation/2026-10-01-rdpms/ACCEPTANCE_MATRIX.csv
RP05-T02,AC-B02-03,23,NOT_RUN,SPECIFICATION_ONLY,docs/remediation/2026-10-01-rdpms/ACCEPTANCE_MATRIX.csv
RP05-T02,PAC-RP05-04,125,NOT_RUN,SPECIFICATION_ONLY,docs/remediation/2026-10-01-rdpms/ACCEPTANCE_MATRIX.csv
RP05-T02,TASK-RP05-T02,205,NOT_RUN,SPECIFICATION_ONLY,docs/remediation/2026-10-01-rdpms/ACCEPTANCE_MATRIX.csv
RP05-T02,INT-PC03-01,246,NOT_RUN,SPECIFICATION_ONLY,docs/remediation/2026-10-01-rdpms/ACCEPTANCE_MATRIX.csv
RP05-T02,GATE-D-S01-08,264,NOT_RUN,SPECIFICATION_ONLY,docs/remediation/2026-10-01-rdpms/ACCEPTANCE_MATRIX.csv
RP05-T02,GATE-S03-OI-05,276,NOT_RUN,SPECIFICATION_ONLY,docs/remediation/2026-10-01-rdpms/ACCEPTANCE_MATRIX.csv
RP05-T02,DECISION-D-S01-08,294,NOT_RUN,SPECIFICATION_ONLY,docs/remediation/2026-10-01-rdpms/ACCEPTANCE_MATRIX.csv
RP05-T02,DECISION-T-RP-07,301,NOT_RUN,SPECIFICATION_ONLY,docs/remediation/2026-10-01-rdpms/ACCEPTANCE_MATRIX.csv
RP05-T03,PAC-RP05-05,126,NOT_RUN,SPECIFICATION_ONLY,docs/remediation/2026-10-01-rdpms/ACCEPTANCE_MATRIX.csv
RP05-T03,TASK-RP05-T03,206,NOT_RUN,SPECIFICATION_ONLY,docs/remediation/2026-10-01-rdpms/ACCEPTANCE_MATRIX.csv
RP05-T03,INT-PC07-01,250,NOT_RUN,SPECIFICATION_ONLY,docs/remediation/2026-10-01-rdpms/ACCEPTANCE_MATRIX.csv
RP05-T03,GATE-D-S01-08,264,NOT_RUN,SPECIFICATION_ONLY,docs/remediation/2026-10-01-rdpms/ACCEPTANCE_MATRIX.csv
RP05-T03,DECISION-D-S01-08,294,NOT_RUN,SPECIFICATION_ONLY,docs/remediation/2026-10-01-rdpms/ACCEPTANCE_MATRIX.csv
RP05-T03,DECISION-T-RP-11,305,NOT_RUN,SPECIFICATION_ONLY,docs/remediation/2026-10-01-rdpms/ACCEPTANCE_MATRIX.csv
RP06-T01,AC-B21-01,33,NOT_RUN,SPECIFICATION_ONLY,docs/remediation/2026-10-01-rdpms/ACCEPTANCE_MATRIX.csv
RP06-T01,AC-B21-02,34,NOT_RUN,SPECIFICATION_ONLY,docs/remediation/2026-10-01-rdpms/ACCEPTANCE_MATRIX.csv
RP06-T01,AC-B21-03,35,NOT_RUN,SPECIFICATION_ONLY,docs/remediation/2026-10-01-rdpms/ACCEPTANCE_MATRIX.csv
RP06-T01,AC-B21-04,36,NOT_RUN,SPECIFICATION_ONLY,docs/remediation/2026-10-01-rdpms/ACCEPTANCE_MATRIX.csv
RP06-T01,PAC-RP06-01,127,NOT_RUN,SPECIFICATION_ONLY,docs/remediation/2026-10-01-rdpms/ACCEPTANCE_MATRIX.csv
RP06-T01,PAC-RP06-02,128,NOT_RUN,SPECIFICATION_ONLY,docs/remediation/2026-10-01-rdpms/ACCEPTANCE_MATRIX.csv
RP06-T01,PAC-RP06-03,129,NOT_RUN,SPECIFICATION_ONLY,docs/remediation/2026-10-01-rdpms/ACCEPTANCE_MATRIX.csv
RP06-T01,PAC-RP06-04,130,NOT_RUN,SPECIFICATION_ONLY,docs/remediation/2026-10-01-rdpms/ACCEPTANCE_MATRIX.csv
RP06-T01,TASK-RP06-T01,207,NOT_RUN,SPECIFICATION_ONLY,docs/remediation/2026-10-01-rdpms/ACCEPTANCE_MATRIX.csv
RP06-T01,INT-PC02-01,245,NOT_RUN,SPECIFICATION_ONLY,docs/remediation/2026-10-01-rdpms/ACCEPTANCE_MATRIX.csv
RP06-T01,GATE-D-S01-05,261,NOT_RUN,SPECIFICATION_ONLY,docs/remediation/2026-10-01-rdpms/ACCEPTANCE_MATRIX.csv
RP06-T01,DECISION-D-S01-05,291,NOT_RUN,SPECIFICATION_ONLY,docs/remediation/2026-10-01-rdpms/ACCEPTANCE_MATRIX.csv
RP06-T02,AC-B21-01,33,NOT_RUN,SPECIFICATION_ONLY,docs/remediation/2026-10-01-rdpms/ACCEPTANCE_MATRIX.csv
RP06-T02,AC-B21-02,34,NOT_RUN,SPECIFICATION_ONLY,docs/remediation/2026-10-01-rdpms/ACCEPTANCE_MATRIX.csv
RP06-T02,AC-B21-03,35,NOT_RUN,SPECIFICATION_ONLY,docs/remediation/2026-10-01-rdpms/ACCEPTANCE_MATRIX.csv
RP06-T02,AC-B21-04,36,NOT_RUN,SPECIFICATION_ONLY,docs/remediation/2026-10-01-rdpms/ACCEPTANCE_MATRIX.csv
RP06-T02,TASK-RP06-T02,208,NOT_RUN,SPECIFICATION_ONLY,docs/remediation/2026-10-01-rdpms/ACCEPTANCE_MATRIX.csv
RP06-T02,GATE-D-S01-06,262,NOT_RUN,SPECIFICATION_ONLY,docs/remediation/2026-10-01-rdpms/ACCEPTANCE_MATRIX.csv
RP06-T02,DECISION-D-S01-06,292,NOT_RUN,SPECIFICATION_ONLY,docs/remediation/2026-10-01-rdpms/ACCEPTANCE_MATRIX.csv
RP07-T02,AC-R06-N01-01,55,NOT_RUN,SPECIFICATION_ONLY,docs/remediation/2026-10-01-rdpms/ACCEPTANCE_MATRIX.csv
RP07-T02,AC-R06-N01-02,56,NOT_RUN,SPECIFICATION_ONLY,docs/remediation/2026-10-01-rdpms/ACCEPTANCE_MATRIX.csv
RP07-T02,AC-R06-N01-03,57,NOT_RUN,SPECIFICATION_ONLY,docs/remediation/2026-10-01-rdpms/ACCEPTANCE_MATRIX.csv
RP07-T02,PAC-RP07-02,132,PASS,SPECIFICATION_ONLY,docs/remediation/2026-10-01-rdpms/ACCEPTANCE_MATRIX.csv
RP07-T02,PAC-RP07-03,133,NOT_RUN,SPECIFICATION_ONLY,docs/remediation/2026-10-01-rdpms/ACCEPTANCE_MATRIX.csv
RP07-T02,PAC-RP07-04,134,NOT_RUN,SPECIFICATION_ONLY,docs/remediation/2026-10-01-rdpms/ACCEPTANCE_MATRIX.csv
RP07-T02,TASK-RP07-T02,210,NOT_RUN,SPECIFICATION_ONLY,docs/remediation/2026-10-01-rdpms/ACCEPTANCE_MATRIX.csv
RP07-T02,INT-PC02-01,245,NOT_RUN,SPECIFICATION_ONLY,docs/remediation/2026-10-01-rdpms/ACCEPTANCE_MATRIX.csv
RP07-T02,GATE-D-S01-06,262,NOT_RUN,SPECIFICATION_ONLY,docs/remediation/2026-10-01-rdpms/ACCEPTANCE_MATRIX.csv
RP07-T02,GATE-S03-OI-07,278,NOT_RUN,SPECIFICATION_ONLY,docs/remediation/2026-10-01-rdpms/ACCEPTANCE_MATRIX.csv
RP07-T02,DECISION-D-S01-06,292,NOT_RUN,SPECIFICATION_ONLY,docs/remediation/2026-10-01-rdpms/ACCEPTANCE_MATRIX.csv
RP08-T02,AC-B08-01,43,NOT_RUN,SPECIFICATION_ONLY,docs/remediation/2026-10-01-rdpms/ACCEPTANCE_MATRIX.csv
RP08-T02,AC-B08-02,44,NOT_RUN,SPECIFICATION_ONLY,docs/remediation/2026-10-01-rdpms/ACCEPTANCE_MATRIX.csv
RP08-T02,AC-B08-03,45,NOT_RUN,SPECIFICATION_ONLY,docs/remediation/2026-10-01-rdpms/ACCEPTANCE_MATRIX.csv
RP08-T02,PAC-RP08-02,136,NOT_RUN,SPECIFICATION_ONLY,docs/remediation/2026-10-01-rdpms/ACCEPTANCE_MATRIX.csv
RP08-T02,PAC-RP08-03,137,NOT_RUN,SPECIFICATION_ONLY,docs/remediation/2026-10-01-rdpms/ACCEPTANCE_MATRIX.csv
RP08-T02,PAC-RP08-04,138,NOT_RUN,SPECIFICATION_ONLY,docs/remediation/2026-10-01-rdpms/ACCEPTANCE_MATRIX.csv
RP08-T02,TASK-RP08-T02,212,NOT_RUN,SPECIFICATION_ONLY,docs/remediation/2026-10-01-rdpms/ACCEPTANCE_MATRIX.csv
RP08-T02,INT-PC05-01,248,NOT_RUN,SPECIFICATION_ONLY,docs/remediation/2026-10-01-rdpms/ACCEPTANCE_MATRIX.csv
RP08-T02,GATE-S02-OPEN-02,266,NOT_RUN,SPECIFICATION_ONLY,docs/remediation/2026-10-01-rdpms/ACCEPTANCE_MATRIX.csv
RP08-T02,DECISION-T-RP-04,298,NOT_RUN,SPECIFICATION_ONLY,docs/remediation/2026-10-01-rdpms/ACCEPTANCE_MATRIX.csv
RP08-T02,DECISION-T-RP-12,306,NOT_RUN,SPECIFICATION_ONLY,docs/remediation/2026-10-01-rdpms/ACCEPTANCE_MATRIX.csv
RP09-T01,AC-B05-01,46,NOT_RUN,SPECIFICATION_ONLY,docs/remediation/2026-10-01-rdpms/ACCEPTANCE_MATRIX.csv
RP09-T01,AC-B05-02,47,NOT_RUN,SPECIFICATION_ONLY,docs/remediation/2026-10-01-rdpms/ACCEPTANCE_MATRIX.csv
RP09-T01,AC-B05-03,48,NOT_RUN,SPECIFICATION_ONLY,docs/remediation/2026-10-01-rdpms/ACCEPTANCE_MATRIX.csv
RP09-T01,AC-B06-01,49,NOT_RUN,SPECIFICATION_ONLY,docs/remediation/2026-10-01-rdpms/ACCEPTANCE_MATRIX.csv
RP09-T01,AC-B06-02,50,NOT_RUN,SPECIFICATION_ONLY,docs/remediation/2026-10-01-rdpms/ACCEPTANCE_MATRIX.csv
RP09-T01,AC-B06-03,51,NOT_RUN,SPECIFICATION_ONLY,docs/remediation/2026-10-01-rdpms/ACCEPTANCE_MATRIX.csv
RP09-T01,PAC-RP09-01,139,NOT_RUN,SPECIFICATION_ONLY,docs/remediation/2026-10-01-rdpms/ACCEPTANCE_MATRIX.csv
RP09-T01,PAC-RP09-02,140,NOT_RUN,SPECIFICATION_ONLY,docs/remediation/2026-10-01-rdpms/ACCEPTANCE_MATRIX.csv
RP09-T01,PAC-RP09-04,142,NOT_RUN,SPECIFICATION_ONLY,docs/remediation/2026-10-01-rdpms/ACCEPTANCE_MATRIX.csv
RP09-T01,TASK-RP09-T01,213,NOT_RUN,SPECIFICATION_ONLY,docs/remediation/2026-10-01-rdpms/ACCEPTANCE_MATRIX.csv
RP09-T01,INT-PC02-01,245,NOT_RUN,SPECIFICATION_ONLY,docs/remediation/2026-10-01-rdpms/ACCEPTANCE_MATRIX.csv
RP09-T01,INT-PC03-01,246,NOT_RUN,SPECIFICATION_ONLY,docs/remediation/2026-10-01-rdpms/ACCEPTANCE_MATRIX.csv
RP09-T01,INT-PC05-01,248,NOT_RUN,SPECIFICATION_ONLY,docs/remediation/2026-10-01-rdpms/ACCEPTANCE_MATRIX.csv
RP09-T01,GATE-S03-OI-05,276,NOT_RUN,SPECIFICATION_ONLY,docs/remediation/2026-10-01-rdpms/ACCEPTANCE_MATRIX.csv
RP09-T01,DECISION-T-RP-02,296,NOT_RUN,SPECIFICATION_ONLY,docs/remediation/2026-10-01-rdpms/ACCEPTANCE_MATRIX.csv
RP09-T01,DECISION-T-RP-07,301,NOT_RUN,SPECIFICATION_ONLY,docs/remediation/2026-10-01-rdpms/ACCEPTANCE_MATRIX.csv
RP09-T02,AC-B06-01,49,NOT_RUN,SPECIFICATION_ONLY,docs/remediation/2026-10-01-rdpms/ACCEPTANCE_MATRIX.csv
RP09-T02,AC-B06-02,50,NOT_RUN,SPECIFICATION_ONLY,docs/remediation/2026-10-01-rdpms/ACCEPTANCE_MATRIX.csv
RP09-T02,AC-B06-03,51,NOT_RUN,SPECIFICATION_ONLY,docs/remediation/2026-10-01-rdpms/ACCEPTANCE_MATRIX.csv
RP09-T02,PAC-RP09-03,141,NOT_RUN,SPECIFICATION_ONLY,docs/remediation/2026-10-01-rdpms/ACCEPTANCE_MATRIX.csv
RP09-T02,PAC-RP09-04,142,NOT_RUN,SPECIFICATION_ONLY,docs/remediation/2026-10-01-rdpms/ACCEPTANCE_MATRIX.csv
RP09-T02,PAC-RP09-05,143,NOT_RUN,SPECIFICATION_ONLY,docs/remediation/2026-10-01-rdpms/ACCEPTANCE_MATRIX.csv
RP09-T02,TASK-RP09-T02,214,NOT_RUN,SPECIFICATION_ONLY,docs/remediation/2026-10-01-rdpms/ACCEPTANCE_MATRIX.csv
RP09-T02,INT-PC03-01,246,NOT_RUN,SPECIFICATION_ONLY,docs/remediation/2026-10-01-rdpms/ACCEPTANCE_MATRIX.csv
RP09-T02,INT-PC06-01,249,NOT_RUN,SPECIFICATION_ONLY,docs/remediation/2026-10-01-rdpms/ACCEPTANCE_MATRIX.csv
RP09-T02,GATE-S03-OI-02,273,NOT_RUN,SPECIFICATION_ONLY,docs/remediation/2026-10-01-rdpms/ACCEPTANCE_MATRIX.csv
RP09-T02,GATE-S03-OI-04,275,NOT_RUN,SPECIFICATION_ONLY,docs/remediation/2026-10-01-rdpms/ACCEPTANCE_MATRIX.csv
RP09-T02,DECISION-T-RP-02,296,NOT_RUN,SPECIFICATION_ONLY,docs/remediation/2026-10-01-rdpms/ACCEPTANCE_MATRIX.csv
RP10-T01,AC-B16-01,72,NOT_RUN,SPECIFICATION_ONLY,docs/remediation/2026-10-01-rdpms/ACCEPTANCE_MATRIX.csv
RP10-T01,AC-B16-02,73,NOT_RUN,SPECIFICATION_ONLY,docs/remediation/2026-10-01-rdpms/ACCEPTANCE_MATRIX.csv
RP10-T01,AC-B16-03,74,NOT_RUN,SPECIFICATION_ONLY,docs/remediation/2026-10-01-rdpms/ACCEPTANCE_MATRIX.csv
RP10-T01,PAC-RP10-01,144,NOT_RUN,SPECIFICATION_ONLY,docs/remediation/2026-10-01-rdpms/ACCEPTANCE_MATRIX.csv
RP10-T01,PAC-RP10-04,147,NOT_RUN,SPECIFICATION_ONLY,docs/remediation/2026-10-01-rdpms/ACCEPTANCE_MATRIX.csv
RP10-T01,PAC-RP10-05,148,NOT_RUN,SPECIFICATION_ONLY,docs/remediation/2026-10-01-rdpms/ACCEPTANCE_MATRIX.csv
RP10-T01,TASK-RP10-T01,215,NOT_RUN,SPECIFICATION_ONLY,docs/remediation/2026-10-01-rdpms/ACCEPTANCE_MATRIX.csv
RP10-T01,GATE-S03-OI-05,276,NOT_RUN,SPECIFICATION_ONLY,docs/remediation/2026-10-01-rdpms/ACCEPTANCE_MATRIX.csv
RP10-T01,DECISION-T-RP-03,297,NOT_RUN,SPECIFICATION_ONLY,docs/remediation/2026-10-01-rdpms/ACCEPTANCE_MATRIX.csv
RP10-T03,AC-B10-01,69,PASS,SPECIFICATION_ONLY,docs/remediation/2026-10-01-rdpms/ACCEPTANCE_MATRIX.csv
RP10-T03,AC-B10-02,70,NOT_RUN,SPECIFICATION_ONLY,docs/remediation/2026-10-01-rdpms/ACCEPTANCE_MATRIX.csv
RP10-T03,AC-B10-03,71,PASS,SPECIFICATION_ONLY,docs/remediation/2026-10-01-rdpms/ACCEPTANCE_MATRIX.csv
RP10-T03,PAC-RP10-03,146,NOT_RUN,SPECIFICATION_ONLY,docs/remediation/2026-10-01-rdpms/ACCEPTANCE_MATRIX.csv
RP10-T03,TASK-RP10-T03,217,NOT_RUN,SPECIFICATION_ONLY,docs/remediation/2026-10-01-rdpms/ACCEPTANCE_MATRIX.csv
RP10-T03,GATE-D-S01-07,263,NOT_RUN,SPECIFICATION_ONLY,docs/remediation/2026-10-01-rdpms/ACCEPTANCE_MATRIX.csv
RP10-T03,GATE-S03-OI-08,279,NOT_RUN,SPECIFICATION_ONLY,docs/remediation/2026-10-01-rdpms/ACCEPTANCE_MATRIX.csv
RP10-T03,DECISION-D-S01-07,293,NOT_RUN,SPECIFICATION_ONLY,docs/remediation/2026-10-01-rdpms/ACCEPTANCE_MATRIX.csv
RP11-T01,AC-F01-01,58,NOT_RUN,SPECIFICATION_ONLY,docs/remediation/2026-10-01-rdpms/ACCEPTANCE_MATRIX.csv
RP11-T01,AC-F01-02,59,NOT_RUN,SPECIFICATION_ONLY,docs/remediation/2026-10-01-rdpms/ACCEPTANCE_MATRIX.csv
RP11-T01,AC-F01-03,60,NOT_RUN,SPECIFICATION_ONLY,docs/remediation/2026-10-01-rdpms/ACCEPTANCE_MATRIX.csv
RP11-T01,AC-F03-01,61,NOT_RUN,SPECIFICATION_ONLY,docs/remediation/2026-10-01-rdpms/ACCEPTANCE_MATRIX.csv
RP11-T01,AC-F03-02,62,NOT_RUN,SPECIFICATION_ONLY,docs/remediation/2026-10-01-rdpms/ACCEPTANCE_MATRIX.csv
RP11-T01,AC-F03-03,63,NOT_RUN,SPECIFICATION_ONLY,docs/remediation/2026-10-01-rdpms/ACCEPTANCE_MATRIX.csv
RP11-T01,AC-N-S02-01-01,96,NOT_RUN,SPECIFICATION_ONLY,docs/remediation/2026-10-01-rdpms/ACCEPTANCE_MATRIX.csv
RP11-T01,AC-N-S02-01-02,97,NOT_RUN,SPECIFICATION_ONLY,docs/remediation/2026-10-01-rdpms/ACCEPTANCE_MATRIX.csv
RP11-T01,AC-N-S02-01-03,98,NOT_RUN,SPECIFICATION_ONLY,docs/remediation/2026-10-01-rdpms/ACCEPTANCE_MATRIX.csv
RP11-T01,PAC-RP11-01,149,NOT_RUN,SPECIFICATION_ONLY,docs/remediation/2026-10-01-rdpms/ACCEPTANCE_MATRIX.csv
RP11-T01,PAC-RP11-03,151,NOT_RUN,SPECIFICATION_ONLY,docs/remediation/2026-10-01-rdpms/ACCEPTANCE_MATRIX.csv
RP11-T01,PAC-RP11-05,153,NOT_RUN,SPECIFICATION_ONLY,docs/remediation/2026-10-01-rdpms/ACCEPTANCE_MATRIX.csv
RP11-T01,TASK-RP11-T01,218,NOT_RUN,SPECIFICATION_ONLY,docs/remediation/2026-10-01-rdpms/ACCEPTANCE_MATRIX.csv
RP11-T01,INT-PC01-01,244,NOT_RUN,SPECIFICATION_ONLY,docs/remediation/2026-10-01-rdpms/ACCEPTANCE_MATRIX.csv
RP11-T01,INT-PC04-01,247,NOT_RUN,SPECIFICATION_ONLY,docs/remediation/2026-10-01-rdpms/ACCEPTANCE_MATRIX.csv
RP11-T01,GATE-S02-OPEN-01,265,NOT_RUN,SPECIFICATION_ONLY,docs/remediation/2026-10-01-rdpms/ACCEPTANCE_MATRIX.csv
RP11-T01,GATE-S02-OPEN-02,266,NOT_RUN,SPECIFICATION_ONLY,docs/remediation/2026-10-01-rdpms/ACCEPTANCE_MATRIX.csv
RP11-T01,DECISION-T-RP-09,303,NOT_RUN,SPECIFICATION_ONLY,docs/remediation/2026-10-01-rdpms/ACCEPTANCE_MATRIX.csv
RP11-T01,DECISION-T-RP-12,306,NOT_RUN,SPECIFICATION_ONLY,docs/remediation/2026-10-01-rdpms/ACCEPTANCE_MATRIX.csv
RP11-T02,AC-N-S02-01-01,96,NOT_RUN,SPECIFICATION_ONLY,docs/remediation/2026-10-01-rdpms/ACCEPTANCE_MATRIX.csv
RP11-T02,AC-N-S02-01-02,97,NOT_RUN,SPECIFICATION_ONLY,docs/remediation/2026-10-01-rdpms/ACCEPTANCE_MATRIX.csv
RP11-T02,AC-N-S02-01-03,98,NOT_RUN,SPECIFICATION_ONLY,docs/remediation/2026-10-01-rdpms/ACCEPTANCE_MATRIX.csv
RP11-T02,PAC-RP11-04,152,NOT_RUN,SPECIFICATION_ONLY,docs/remediation/2026-10-01-rdpms/ACCEPTANCE_MATRIX.csv
RP11-T02,PAC-RP11-05,153,NOT_RUN,SPECIFICATION_ONLY,docs/remediation/2026-10-01-rdpms/ACCEPTANCE_MATRIX.csv
RP11-T02,TASK-RP11-T02,219,NOT_RUN,SPECIFICATION_ONLY,docs/remediation/2026-10-01-rdpms/ACCEPTANCE_MATRIX.csv
RP11-T02,INT-PC04-01,247,NOT_RUN,SPECIFICATION_ONLY,docs/remediation/2026-10-01-rdpms/ACCEPTANCE_MATRIX.csv
RP11-T02,GATE-S02-OPEN-06,270,NOT_RUN,SPECIFICATION_ONLY,docs/remediation/2026-10-01-rdpms/ACCEPTANCE_MATRIX.csv
RP11-T02,GATE-S02-OPEN-07,271,NOT_RUN,SPECIFICATION_ONLY,docs/remediation/2026-10-01-rdpms/ACCEPTANCE_MATRIX.csv
RP11-T02,DECISION-T-RP-01,295,NOT_RUN,SPECIFICATION_ONLY,docs/remediation/2026-10-01-rdpms/ACCEPTANCE_MATRIX.csv
RP11-T03,AC-F02-01,64,NOT_RUN,SPECIFICATION_ONLY,docs/remediation/2026-10-01-rdpms/ACCEPTANCE_MATRIX.csv
RP11-T03,AC-F02-02,65,NOT_RUN,SPECIFICATION_ONLY,docs/remediation/2026-10-01-rdpms/ACCEPTANCE_MATRIX.csv
RP11-T03,PAC-RP11-02,150,NOT_RUN,SPECIFICATION_ONLY,docs/remediation/2026-10-01-rdpms/ACCEPTANCE_MATRIX.csv
RP11-T03,PAC-RP11-05,153,NOT_RUN,SPECIFICATION_ONLY,docs/remediation/2026-10-01-rdpms/ACCEPTANCE_MATRIX.csv
RP11-T03,TASK-RP11-T03,220,NOT_RUN,SPECIFICATION_ONLY,docs/remediation/2026-10-01-rdpms/ACCEPTANCE_MATRIX.csv
RP11-T03,INT-PC04-01,247,NOT_RUN,SPECIFICATION_ONLY,docs/remediation/2026-10-01-rdpms/ACCEPTANCE_MATRIX.csv
RP11-T03,INT-PC06-01,249,NOT_RUN,SPECIFICATION_ONLY,docs/remediation/2026-10-01-rdpms/ACCEPTANCE_MATRIX.csv
RP11-T03,INT-PC12-01,255,NOT_RUN,SPECIFICATION_ONLY,docs/remediation/2026-10-01-rdpms/ACCEPTANCE_MATRIX.csv
RP11-T03,GATE-S02-OPEN-03,267,NOT_RUN,SPECIFICATION_ONLY,docs/remediation/2026-10-01-rdpms/ACCEPTANCE_MATRIX.csv
RP11-T03,DECISION-T-RP-12,306,NOT_RUN,SPECIFICATION_ONLY,docs/remediation/2026-10-01-rdpms/ACCEPTANCE_MATRIX.csv
RP12-T01,AC-F04-01,66,NOT_RUN,SPECIFICATION_ONLY,docs/remediation/2026-10-01-rdpms/ACCEPTANCE_MATRIX.csv
RP12-T01,AC-F04-02,67,NOT_RUN,SPECIFICATION_ONLY,docs/remediation/2026-10-01-rdpms/ACCEPTANCE_MATRIX.csv
RP12-T01,AC-F04-03,68,NOT_RUN,SPECIFICATION_ONLY,docs/remediation/2026-10-01-rdpms/ACCEPTANCE_MATRIX.csv
RP12-T01,PAC-RP12-01,154,NOT_RUN,SPECIFICATION_ONLY,docs/remediation/2026-10-01-rdpms/ACCEPTANCE_MATRIX.csv
RP12-T01,PAC-RP12-04,157,NOT_RUN,SPECIFICATION_ONLY,docs/remediation/2026-10-01-rdpms/ACCEPTANCE_MATRIX.csv
RP12-T01,TASK-RP12-T01,221,NOT_RUN,SPECIFICATION_ONLY,docs/remediation/2026-10-01-rdpms/ACCEPTANCE_MATRIX.csv
RP12-T01,INT-PC04-01,247,NOT_RUN,SPECIFICATION_ONLY,docs/remediation/2026-10-01-rdpms/ACCEPTANCE_MATRIX.csv
RP12-T01,GATE-S02-OPEN-04,268,NOT_RUN,SPECIFICATION_ONLY,docs/remediation/2026-10-01-rdpms/ACCEPTANCE_MATRIX.csv
RP12-T01,DECISION-T-RP-11,305,NOT_RUN,SPECIFICATION_ONLY,docs/remediation/2026-10-01-rdpms/ACCEPTANCE_MATRIX.csv
RP12-T02,AC-F04-01,66,NOT_RUN,SPECIFICATION_ONLY,docs/remediation/2026-10-01-rdpms/ACCEPTANCE_MATRIX.csv
RP12-T02,AC-F04-02,67,NOT_RUN,SPECIFICATION_ONLY,docs/remediation/2026-10-01-rdpms/ACCEPTANCE_MATRIX.csv
RP12-T02,AC-F04-03,68,NOT_RUN,SPECIFICATION_ONLY,docs/remediation/2026-10-01-rdpms/ACCEPTANCE_MATRIX.csv
RP12-T02,PAC-RP12-02,155,NOT_RUN,SPECIFICATION_ONLY,docs/remediation/2026-10-01-rdpms/ACCEPTANCE_MATRIX.csv
RP12-T02,PAC-RP12-03,156,NOT_RUN,SPECIFICATION_ONLY,docs/remediation/2026-10-01-rdpms/ACCEPTANCE_MATRIX.csv
RP12-T02,PAC-RP12-04,157,NOT_RUN,SPECIFICATION_ONLY,docs/remediation/2026-10-01-rdpms/ACCEPTANCE_MATRIX.csv
RP12-T02,TASK-RP12-T02,222,NOT_RUN,SPECIFICATION_ONLY,docs/remediation/2026-10-01-rdpms/ACCEPTANCE_MATRIX.csv
RP12-T02,INT-PC03-01,246,NOT_RUN,SPECIFICATION_ONLY,docs/remediation/2026-10-01-rdpms/ACCEPTANCE_MATRIX.csv
RP12-T02,INT-PC12-01,255,NOT_RUN,SPECIFICATION_ONLY,docs/remediation/2026-10-01-rdpms/ACCEPTANCE_MATRIX.csv
RP12-T02,DECISION-T-RP-02,296,NOT_RUN,SPECIFICATION_ONLY,docs/remediation/2026-10-01-rdpms/ACCEPTANCE_MATRIX.csv
RP12-T02,DECISION-T-RP-12,306,NOT_RUN,SPECIFICATION_ONLY,docs/remediation/2026-10-01-rdpms/ACCEPTANCE_MATRIX.csv
RP13-T03,AC-B07-01,40,PASS,SPECIFICATION_ONLY,docs/remediation/2026-10-01-rdpms/ACCEPTANCE_MATRIX.csv
RP13-T03,AC-B07-02,41,PASS,SPECIFICATION_ONLY,docs/remediation/2026-10-01-rdpms/ACCEPTANCE_MATRIX.csv
RP13-T03,AC-B07-03,42,NOT_RUN,SPECIFICATION_ONLY,docs/remediation/2026-10-01-rdpms/ACCEPTANCE_MATRIX.csv
RP13-T03,PAC-RP13-03,160,NOT_RUN,SPECIFICATION_ONLY,docs/remediation/2026-10-01-rdpms/ACCEPTANCE_MATRIX.csv
RP13-T03,PAC-RP13-04,161,NOT_RUN,SPECIFICATION_ONLY,docs/remediation/2026-10-01-rdpms/ACCEPTANCE_MATRIX.csv
RP13-T03,PAC-RP13-05,162,NOT_RUN,SPECIFICATION_ONLY,docs/remediation/2026-10-01-rdpms/ACCEPTANCE_MATRIX.csv
RP13-T03,TASK-RP13-T03,225,NOT_RUN,SPECIFICATION_ONLY,docs/remediation/2026-10-01-rdpms/ACCEPTANCE_MATRIX.csv
RP13-T03,INT-PC04-01,247,NOT_RUN,SPECIFICATION_ONLY,docs/remediation/2026-10-01-rdpms/ACCEPTANCE_MATRIX.csv
RP13-T03,INT-PC05-01,248,NOT_RUN,SPECIFICATION_ONLY,docs/remediation/2026-10-01-rdpms/ACCEPTANCE_MATRIX.csv
RP13-T03,INT-PC06-01,249,NOT_RUN,SPECIFICATION_ONLY,docs/remediation/2026-10-01-rdpms/ACCEPTANCE_MATRIX.csv
RP13-T03,INT-PC12-01,255,NOT_RUN,SPECIFICATION_ONLY,docs/remediation/2026-10-01-rdpms/ACCEPTANCE_MATRIX.csv
RP13-T03,GATE-D-S01-08,264,NOT_RUN,SPECIFICATION_ONLY,docs/remediation/2026-10-01-rdpms/ACCEPTANCE_MATRIX.csv
RP13-T03,GATE-S03-OI-04,275,NOT_RUN,SPECIFICATION_ONLY,docs/remediation/2026-10-01-rdpms/ACCEPTANCE_MATRIX.csv
RP13-T03,DECISION-D-S01-08,294,NOT_RUN,SPECIFICATION_ONLY,docs/remediation/2026-10-01-rdpms/ACCEPTANCE_MATRIX.csv
RP13-T03,DECISION-T-RP-04,298,NOT_RUN,SPECIFICATION_ONLY,docs/remediation/2026-10-01-rdpms/ACCEPTANCE_MATRIX.csv
RP13-T03,DECISION-T-RP-10,304,NOT_RUN,SPECIFICATION_ONLY,docs/remediation/2026-10-01-rdpms/ACCEPTANCE_MATRIX.csv
RP14-T02,AC-B12-01,78,NOT_RUN,SPECIFICATION_ONLY,docs/remediation/2026-10-01-rdpms/ACCEPTANCE_MATRIX.csv
RP14-T02,AC-B12-02,79,NOT_RUN,SPECIFICATION_ONLY,docs/remediation/2026-10-01-rdpms/ACCEPTANCE_MATRIX.csv
RP14-T02,AC-B12-03,80,NOT_RUN,SPECIFICATION_ONLY,docs/remediation/2026-10-01-rdpms/ACCEPTANCE_MATRIX.csv
RP14-T02,PAC-RP14-02,164,NOT_RUN,SPECIFICATION_ONLY,docs/remediation/2026-10-01-rdpms/ACCEPTANCE_MATRIX.csv
RP14-T02,PAC-RP14-03,165,NOT_RUN,SPECIFICATION_ONLY,docs/remediation/2026-10-01-rdpms/ACCEPTANCE_MATRIX.csv
RP14-T02,TASK-RP14-T02,227,NOT_RUN,SPECIFICATION_ONLY,docs/remediation/2026-10-01-rdpms/ACCEPTANCE_MATRIX.csv
RP14-T02,INT-PC02-01,245,NOT_RUN,SPECIFICATION_ONLY,docs/remediation/2026-10-01-rdpms/ACCEPTANCE_MATRIX.csv
RP14-T02,DECISION-T-RP-05,299,NOT_RUN,SPECIFICATION_ONLY,docs/remediation/2026-10-01-rdpms/ACCEPTANCE_MATRIX.csv
RP15-T01,PAC-RP15-01,167,ENV_BLOCKED,SPECIFICATION_ONLY,docs/remediation/2026-10-01-rdpms/ACCEPTANCE_MATRIX.csv
RP15-T01,PAC-RP15-04,170,ENV_BLOCKED,SPECIFICATION_ONLY,docs/remediation/2026-10-01-rdpms/ACCEPTANCE_MATRIX.csv
RP15-T01,TASK-RP15-T01,228,ENV_BLOCKED,SPECIFICATION_ONLY,docs/remediation/2026-10-01-rdpms/ACCEPTANCE_MATRIX.csv
RP15-T01,INT-PC07-01,250,NOT_RUN,SPECIFICATION_ONLY,docs/remediation/2026-10-01-rdpms/ACCEPTANCE_MATRIX.csv
RP15-T01,GATE-S04-OI-01,281,ENV_BLOCKED,SPECIFICATION_ONLY,docs/remediation/2026-10-01-rdpms/ACCEPTANCE_MATRIX.csv
RP15-T02,PAC-RP15-01,167,ENV_BLOCKED,SPECIFICATION_ONLY,docs/remediation/2026-10-01-rdpms/ACCEPTANCE_MATRIX.csv
RP15-T02,PAC-RP15-04,170,ENV_BLOCKED,SPECIFICATION_ONLY,docs/remediation/2026-10-01-rdpms/ACCEPTANCE_MATRIX.csv
RP15-T02,TASK-RP15-T02,229,NOT_RUN,SPECIFICATION_ONLY,docs/remediation/2026-10-01-rdpms/ACCEPTANCE_MATRIX.csv
RP15-T02,INT-PC07-01,250,NOT_RUN,SPECIFICATION_ONLY,docs/remediation/2026-10-01-rdpms/ACCEPTANCE_MATRIX.csv
RP15-T02,GATE-D-S01-08,264,NOT_RUN,SPECIFICATION_ONLY,docs/remediation/2026-10-01-rdpms/ACCEPTANCE_MATRIX.csv
RP15-T02,DECISION-D-S01-08,294,NOT_RUN,SPECIFICATION_ONLY,docs/remediation/2026-10-01-rdpms/ACCEPTANCE_MATRIX.csv
RP15-T02,DECISION-T-RP-11,305,NOT_RUN,SPECIFICATION_ONLY,docs/remediation/2026-10-01-rdpms/ACCEPTANCE_MATRIX.csv
RP15-T03,PAC-RP15-02,168,NOT_RUN,SPECIFICATION_ONLY,docs/remediation/2026-10-01-rdpms/ACCEPTANCE_MATRIX.csv
RP15-T03,PAC-RP15-03,169,NOT_RUN,SPECIFICATION_ONLY,docs/remediation/2026-10-01-rdpms/ACCEPTANCE_MATRIX.csv
RP15-T03,PAC-RP15-04,170,ENV_BLOCKED,SPECIFICATION_ONLY,docs/remediation/2026-10-01-rdpms/ACCEPTANCE_MATRIX.csv
RP15-T03,TASK-RP15-T03,230,NOT_RUN,SPECIFICATION_ONLY,docs/remediation/2026-10-01-rdpms/ACCEPTANCE_MATRIX.csv
RP15-T03,INT-PC07-01,250,NOT_RUN,SPECIFICATION_ONLY,docs/remediation/2026-10-01-rdpms/ACCEPTANCE_MATRIX.csv
RP15-T03,GATE-D-S01-08,264,NOT_RUN,SPECIFICATION_ONLY,docs/remediation/2026-10-01-rdpms/ACCEPTANCE_MATRIX.csv
RP15-T03,DECISION-D-S01-08,294,NOT_RUN,SPECIFICATION_ONLY,docs/remediation/2026-10-01-rdpms/ACCEPTANCE_MATRIX.csv
RP15-T03,DECISION-T-RP-11,305,NOT_RUN,SPECIFICATION_ONLY,docs/remediation/2026-10-01-rdpms/ACCEPTANCE_MATRIX.csv
RP16-T01,AC-B13-01,85,NOT_RUN,SPECIFICATION_ONLY,docs/remediation/2026-10-01-rdpms/ACCEPTANCE_MATRIX.csv
RP16-T01,AC-B13-02,86,NOT_RUN,SPECIFICATION_ONLY,docs/remediation/2026-10-01-rdpms/ACCEPTANCE_MATRIX.csv
RP16-T01,AC-B13-03,87,NOT_RUN,SPECIFICATION_ONLY,docs/remediation/2026-10-01-rdpms/ACCEPTANCE_MATRIX.csv
RP16-T01,AC-B13-04,88,NOT_RUN,SPECIFICATION_ONLY,docs/remediation/2026-10-01-rdpms/ACCEPTANCE_MATRIX.csv
RP16-T01,PAC-RP16-01,171,NOT_RUN,SPECIFICATION_ONLY,docs/remediation/2026-10-01-rdpms/ACCEPTANCE_MATRIX.csv
RP16-T01,PAC-RP16-04,174,NOT_RUN,SPECIFICATION_ONLY,docs/remediation/2026-10-01-rdpms/ACCEPTANCE_MATRIX.csv
RP16-T01,TASK-RP16-T01,231,NOT_RUN,SPECIFICATION_ONLY,docs/remediation/2026-10-01-rdpms/ACCEPTANCE_MATRIX.csv
RP16-T01,DECISION-T-RP-06,300,NOT_RUN,SPECIFICATION_ONLY,docs/remediation/2026-10-01-rdpms/ACCEPTANCE_MATRIX.csv
RP16-T02,AC-B13-01,85,NOT_RUN,SPECIFICATION_ONLY,docs/remediation/2026-10-01-rdpms/ACCEPTANCE_MATRIX.csv
RP16-T02,AC-B13-02,86,NOT_RUN,SPECIFICATION_ONLY,docs/remediation/2026-10-01-rdpms/ACCEPTANCE_MATRIX.csv
RP16-T02,AC-B13-03,87,NOT_RUN,SPECIFICATION_ONLY,docs/remediation/2026-10-01-rdpms/ACCEPTANCE_MATRIX.csv
RP16-T02,AC-B13-04,88,NOT_RUN,SPECIFICATION_ONLY,docs/remediation/2026-10-01-rdpms/ACCEPTANCE_MATRIX.csv
RP16-T02,PAC-RP16-01,171,NOT_RUN,SPECIFICATION_ONLY,docs/remediation/2026-10-01-rdpms/ACCEPTANCE_MATRIX.csv
RP16-T02,PAC-RP16-02,172,NOT_RUN,SPECIFICATION_ONLY,docs/remediation/2026-10-01-rdpms/ACCEPTANCE_MATRIX.csv
RP16-T02,PAC-RP16-03,173,NOT_RUN,SPECIFICATION_ONLY,docs/remediation/2026-10-01-rdpms/ACCEPTANCE_MATRIX.csv
RP16-T02,TASK-RP16-T02,232,NOT_RUN,SPECIFICATION_ONLY,docs/remediation/2026-10-01-rdpms/ACCEPTANCE_MATRIX.csv
RP16-T02,INT-PC07-01,250,NOT_RUN,SPECIFICATION_ONLY,docs/remediation/2026-10-01-rdpms/ACCEPTANCE_MATRIX.csv
RP16-T02,GATE-S05-OI-03,284,NOT_RUN,SPECIFICATION_ONLY,docs/remediation/2026-10-01-rdpms/ACCEPTANCE_MATRIX.csv
RP16-T02,DECISION-T-RP-06,300,NOT_RUN,SPECIFICATION_ONLY,docs/remediation/2026-10-01-rdpms/ACCEPTANCE_MATRIX.csv
RP16-T03,AC-B13-01,85,NOT_RUN,SPECIFICATION_ONLY,docs/remediation/2026-10-01-rdpms/ACCEPTANCE_MATRIX.csv
RP16-T03,AC-B13-02,86,NOT_RUN,SPECIFICATION_ONLY,docs/remediation/2026-10-01-rdpms/ACCEPTANCE_MATRIX.csv
RP16-T03,AC-B13-03,87,NOT_RUN,SPECIFICATION_ONLY,docs/remediation/2026-10-01-rdpms/ACCEPTANCE_MATRIX.csv
RP16-T03,AC-B13-04,88,NOT_RUN,SPECIFICATION_ONLY,docs/remediation/2026-10-01-rdpms/ACCEPTANCE_MATRIX.csv
RP16-T03,PAC-RP16-05,175,NOT_RUN,SPECIFICATION_ONLY,docs/remediation/2026-10-01-rdpms/ACCEPTANCE_MATRIX.csv
RP16-T03,TASK-RP16-T03,233,NOT_RUN,SPECIFICATION_ONLY,docs/remediation/2026-10-01-rdpms/ACCEPTANCE_MATRIX.csv
RP16-T03,INT-PC06-01,249,NOT_RUN,SPECIFICATION_ONLY,docs/remediation/2026-10-01-rdpms/ACCEPTANCE_MATRIX.csv
RP16-T03,DECISION-T-RP-10,304,NOT_RUN,SPECIFICATION_ONLY,docs/remediation/2026-10-01-rdpms/ACCEPTANCE_MATRIX.csv
RP17-T02,AC-D01-01,89,NOT_RUN,SPECIFICATION_ONLY,docs/remediation/2026-10-01-rdpms/ACCEPTANCE_MATRIX.csv
RP17-T02,PAC-RP17-04,179,NOT_RUN,SPECIFICATION_ONLY,docs/remediation/2026-10-01-rdpms/ACCEPTANCE_MATRIX.csv
RP17-T02,TASK-RP17-T02,235,NOT_RUN,SPECIFICATION_ONLY,docs/remediation/2026-10-01-rdpms/ACCEPTANCE_MATRIX.csv
RP17-T02,INT-PC08-01,251,NOT_RUN,SPECIFICATION_ONLY,docs/remediation/2026-10-01-rdpms/ACCEPTANCE_MATRIX.csv
RP17-T02,DECISION-T-RP-11,305,NOT_RUN,SPECIFICATION_ONLY,docs/remediation/2026-10-01-rdpms/ACCEPTANCE_MATRIX.csv
RP17-T03,AC-D01-01,89,NOT_RUN,SPECIFICATION_ONLY,docs/remediation/2026-10-01-rdpms/ACCEPTANCE_MATRIX.csv
RP17-T03,PAC-RP17-03,178,NOT_RUN,SPECIFICATION_ONLY,docs/remediation/2026-10-01-rdpms/ACCEPTANCE_MATRIX.csv
RP17-T03,PAC-RP17-04,179,NOT_RUN,SPECIFICATION_ONLY,docs/remediation/2026-10-01-rdpms/ACCEPTANCE_MATRIX.csv
RP17-T03,TASK-RP17-T03,236,NOT_RUN,SPECIFICATION_ONLY,docs/remediation/2026-10-01-rdpms/ACCEPTANCE_MATRIX.csv
RP17-T03,INT-PC08-01,251,NOT_RUN,SPECIFICATION_ONLY,docs/remediation/2026-10-01-rdpms/ACCEPTANCE_MATRIX.csv
RP17-T03,GATE-S05-OI-01,282,NOT_RUN,SPECIFICATION_ONLY,docs/remediation/2026-10-01-rdpms/ACCEPTANCE_MATRIX.csv
RP18-T01,AC-D02-01,91,NOT_RUN,SPECIFICATION_ONLY,docs/remediation/2026-10-01-rdpms/ACCEPTANCE_MATRIX.csv
RP18-T01,AC-D02-02,92,NOT_RUN,SPECIFICATION_ONLY,docs/remediation/2026-10-01-rdpms/ACCEPTANCE_MATRIX.csv
RP18-T01,AC-D03-01,93,NOT_RUN,SPECIFICATION_ONLY,docs/remediation/2026-10-01-rdpms/ACCEPTANCE_MATRIX.csv
RP18-T01,AC-D03-02,94,NOT_RUN,SPECIFICATION_ONLY,docs/remediation/2026-10-01-rdpms/ACCEPTANCE_MATRIX.csv
RP18-T01,AC-D03-03,95,NOT_RUN,SPECIFICATION_ONLY,docs/remediation/2026-10-01-rdpms/ACCEPTANCE_MATRIX.csv
RP18-T01,PAC-RP18-01,180,NOT_RUN,SPECIFICATION_ONLY,docs/remediation/2026-10-01-rdpms/ACCEPTANCE_MATRIX.csv
RP18-T01,PAC-RP18-02,181,NOT_RUN,SPECIFICATION_ONLY,docs/remediation/2026-10-01-rdpms/ACCEPTANCE_MATRIX.csv
RP18-T01,PAC-RP18-05,184,NOT_RUN,SPECIFICATION_ONLY,docs/remediation/2026-10-01-rdpms/ACCEPTANCE_MATRIX.csv
RP18-T01,TASK-RP18-T01,237,NOT_RUN,SPECIFICATION_ONLY,docs/remediation/2026-10-01-rdpms/ACCEPTANCE_MATRIX.csv
RP18-T01,INT-PC01-01,244,NOT_RUN,SPECIFICATION_ONLY,docs/remediation/2026-10-01-rdpms/ACCEPTANCE_MATRIX.csv
RP18-T01,INT-PC09-01,252,ENV_BLOCKED,SPECIFICATION_ONLY,docs/remediation/2026-10-01-rdpms/ACCEPTANCE_MATRIX.csv
RP18-T01,DECISION-T-RP-08,302,NOT_RUN,SPECIFICATION_ONLY,docs/remediation/2026-10-01-rdpms/ACCEPTANCE_MATRIX.csv
RP18-T01,DECISION-T-RP-09,303,NOT_RUN,SPECIFICATION_ONLY,docs/remediation/2026-10-01-rdpms/ACCEPTANCE_MATRIX.csv
RP18-T02,AC-D02-01,91,NOT_RUN,SPECIFICATION_ONLY,docs/remediation/2026-10-01-rdpms/ACCEPTANCE_MATRIX.csv
RP18-T02,AC-D02-02,92,NOT_RUN,SPECIFICATION_ONLY,docs/remediation/2026-10-01-rdpms/ACCEPTANCE_MATRIX.csv
RP18-T02,PAC-RP18-03,182,NOT_RUN,SPECIFICATION_ONLY,docs/remediation/2026-10-01-rdpms/ACCEPTANCE_MATRIX.csv
RP18-T02,PAC-RP18-04,183,NOT_RUN,SPECIFICATION_ONLY,docs/remediation/2026-10-01-rdpms/ACCEPTANCE_MATRIX.csv
RP18-T02,PAC-RP18-05,184,NOT_RUN,SPECIFICATION_ONLY,docs/remediation/2026-10-01-rdpms/ACCEPTANCE_MATRIX.csv
RP18-T02,TASK-RP18-T02,238,NOT_RUN,SPECIFICATION_ONLY,docs/remediation/2026-10-01-rdpms/ACCEPTANCE_MATRIX.csv
RP18-T02,INT-PC10-01,253,NOT_RUN,SPECIFICATION_ONLY,docs/remediation/2026-10-01-rdpms/ACCEPTANCE_MATRIX.csv
RP18-T02,GATE-S05-OI-05,286,NOT_RUN,SPECIFICATION_ONLY,docs/remediation/2026-10-01-rdpms/ACCEPTANCE_MATRIX.csv
RP18-T02,DECISION-T-RP-13,307,NOT_RUN,SPECIFICATION_ONLY,docs/remediation/2026-10-01-rdpms/ACCEPTANCE_MATRIX.csv
RP18-T03,AC-D03-01,93,NOT_RUN,SPECIFICATION_ONLY,docs/remediation/2026-10-01-rdpms/ACCEPTANCE_MATRIX.csv
RP18-T03,AC-D03-02,94,NOT_RUN,SPECIFICATION_ONLY,docs/remediation/2026-10-01-rdpms/ACCEPTANCE_MATRIX.csv
RP18-T03,AC-D03-03,95,NOT_RUN,SPECIFICATION_ONLY,docs/remediation/2026-10-01-rdpms/ACCEPTANCE_MATRIX.csv
RP18-T03,PAC-RP18-02,181,NOT_RUN,SPECIFICATION_ONLY,docs/remediation/2026-10-01-rdpms/ACCEPTANCE_MATRIX.csv
RP18-T03,PAC-RP18-03,182,NOT_RUN,SPECIFICATION_ONLY,docs/remediation/2026-10-01-rdpms/ACCEPTANCE_MATRIX.csv
RP18-T03,PAC-RP18-04,183,NOT_RUN,SPECIFICATION_ONLY,docs/remediation/2026-10-01-rdpms/ACCEPTANCE_MATRIX.csv
RP18-T03,TASK-RP18-T03,239,NOT_RUN,SPECIFICATION_ONLY,docs/remediation/2026-10-01-rdpms/ACCEPTANCE_MATRIX.csv
RP18-T03,INT-PC09-01,252,ENV_BLOCKED,SPECIFICATION_ONLY,docs/remediation/2026-10-01-rdpms/ACCEPTANCE_MATRIX.csv
RP18-T03,GATE-S05-OI-04,285,NOT_RUN,SPECIFICATION_ONLY,docs/remediation/2026-10-01-rdpms/ACCEPTANCE_MATRIX.csv
RP18-T03,DECISION-T-RP-08,302,NOT_RUN,SPECIFICATION_ONLY,docs/remediation/2026-10-01-rdpms/ACCEPTANCE_MATRIX.csv
RP19-T02,AC-R12-N01-01,90,ENV_BLOCKED,SPECIFICATION_ONLY,docs/remediation/2026-10-01-rdpms/ACCEPTANCE_MATRIX.csv
RP19-T02,PAC-RP19-02,186,NOT_RUN,SPECIFICATION_ONLY,docs/remediation/2026-10-01-rdpms/ACCEPTANCE_MATRIX.csv
RP19-T02,TASK-RP19-T02,241,NOT_RUN,SPECIFICATION_ONLY,docs/remediation/2026-10-01-rdpms/ACCEPTANCE_MATRIX.csv
RP19-T02,INT-PC06-01,249,NOT_RUN,SPECIFICATION_ONLY,docs/remediation/2026-10-01-rdpms/ACCEPTANCE_MATRIX.csv
RP19-T02,INT-PC08-01,251,NOT_RUN,SPECIFICATION_ONLY,docs/remediation/2026-10-01-rdpms/ACCEPTANCE_MATRIX.csv
RP19-T02,GATE-S05-OI-02,283,ENV_BLOCKED,SPECIFICATION_ONLY,docs/remediation/2026-10-01-rdpms/ACCEPTANCE_MATRIX.csv
RP19-T02,DECISION-T-RP-10,304,NOT_RUN,SPECIFICATION_ONLY,docs/remediation/2026-10-01-rdpms/ACCEPTANCE_MATRIX.csv
RP19-T03,PAC-RP19-03,187,NOT_RUN,SPECIFICATION_ONLY,docs/remediation/2026-10-01-rdpms/ACCEPTANCE_MATRIX.csv
RP19-T03,PAC-RP19-05,189,NOT_RUN,SPECIFICATION_ONLY,docs/remediation/2026-10-01-rdpms/ACCEPTANCE_MATRIX.csv
RP19-T03,TASK-RP19-T03,242,NOT_RUN,SPECIFICATION_ONLY,docs/remediation/2026-10-01-rdpms/ACCEPTANCE_MATRIX.csv
RP19-T03,INT-PC09-01,252,ENV_BLOCKED,SPECIFICATION_ONLY,docs/remediation/2026-10-01-rdpms/ACCEPTANCE_MATRIX.csv
RP19-T03,INT-PC10-01,253,NOT_RUN,SPECIFICATION_ONLY,docs/remediation/2026-10-01-rdpms/ACCEPTANCE_MATRIX.csv
RP19-T03,INT-PC11-01,254,NOT_RUN,SPECIFICATION_ONLY,docs/remediation/2026-10-01-rdpms/ACCEPTANCE_MATRIX.csv
RP19-T03,INT-PC12-01,255,NOT_RUN,SPECIFICATION_ONLY,docs/remediation/2026-10-01-rdpms/ACCEPTANCE_MATRIX.csv
RP19-T03,GATE-S05-OI-04,285,NOT_RUN,SPECIFICATION_ONLY,docs/remediation/2026-10-01-rdpms/ACCEPTANCE_MATRIX.csv
RP19-T03,GATE-S05-OI-05,286,NOT_RUN,SPECIFICATION_ONLY,docs/remediation/2026-10-01-rdpms/ACCEPTANCE_MATRIX.csv
RP19-T03,DECISION-T-RP-13,307,NOT_RUN,SPECIFICATION_ONLY,docs/remediation/2026-10-01-rdpms/ACCEPTANCE_MATRIX.csv
RP19-T04,PAC-RP19-04,188,ENV_BLOCKED,SPECIFICATION_ONLY,docs/remediation/2026-10-01-rdpms/ACCEPTANCE_MATRIX.csv
RP19-T04,TASK-RP19-T04,243,ENV_BLOCKED,SPECIFICATION_ONLY,docs/remediation/2026-10-01-rdpms/ACCEPTANCE_MATRIX.csv
