taskId,domain,title,implementation,validation,availability,unmetImplementationDependencies,implementationGates,validationGates,releaseGates,acceptanceDependencies,activation,priority
RP01-T02,A,账号等级保护与强制改密,NOT_STARTED,NOT_RUN,APPLICABLE_IMPLEMENTATION_DECISIONS_PENDING,,"[{""ref"": ""D-S01-01"", ""before"": ""IMPLEMENTATION"", ""condition"": ""always""}, {""ref"": ""D-S01-02"", ""before"": ""IMPLEMENTATION"", ""condition"": ""only forced-password-change/business allowlist sub-scope; rank/reset protection uses D-S01-01 independently""}]",[],[],,STANDARD_WHEN_IMPLEMENTATION_AUTHORIZED,6
RP01-T03,A,自定义角色绑定扩展（仅获准需求）,NOT_STARTED,NOT_RUN,OPTIONAL_INACTIVE,,"[{""ref"": ""D-S01-03"", ""before"": ""IMPLEMENTATION"", ""condition"": ""always""}]",[],[],,CONDITIONAL_NOT_APPROVED,35
RP02-T02,A,refresh单次消费和family重放合同,NOT_STARTED,NOT_RUN,APPLICABLE_IMPLEMENTATION_DECISIONS_PENDING,,"[{""ref"": ""T-RP-09"", ""before"": ""IMPLEMENTATION"", ""condition"": ""always""}]",[],[],RP03-T01,STANDARD_WHEN_IMPLEMENTATION_AUTHORIZED,2
RP03-T01,A,跨tab/跨身份成功失败响应与原请求重放,NOT_STARTED,NOT_RUN,APPLICABLE_IMPLEMENTATION_DECISIONS_PENDING,,"[{""ref"": ""T-RP-09"", ""before"": ""IMPLEMENTATION"", ""condition"": ""always""}]","[{""ref"": ""S02-OPEN-05"", ""before"": ""VALIDATION"", ""condition"": ""always""}]",[],,STANDARD_WHEN_IMPLEMENTATION_AUTHORIZED,3
RP03-T02,A,获准会话撤销/security version,NOT_STARTED,NOT_RUN,APPLICABLE_IMPLEMENTATION_DECISIONS_PENDING,,"[{""ref"": ""D-S01-04"", ""before"": ""IMPLEMENTATION"", ""condition"": ""always""}, {""ref"": ""T-RP-09"", ""before"": ""IMPLEMENTATION"", ""condition"": ""always""}, {""ref"": ""S03-OI-06"", ""before"": ""IMPLEMENTATION"", ""condition"": ""same D-S01-04 approval; no second approval required""}]",[],[],RP02-T02,STANDARD_WHEN_IMPLEMENTATION_AUTHORIZED,4
RP05-T02,B,保留ID的差量/删除/旧客户端适配,NOT_STARTED,NOT_RUN,APPLICABLE_IMPLEMENTATION_DECISIONS_PENDING,,"[{""ref"": ""D-S01-08"", ""before"": ""IMPLEMENTATION"", ""condition"": ""always""}, {""ref"": ""T-RP-07"", ""before"": ""IMPLEMENTATION"", ""condition"": ""always""}, {""ref"": ""S03-OI-05"", ""before"": ""IMPLEMENTATION"", ""condition"": ""only if stale/delete command adapter is changed; no gate on unrelated task fields or report snapshot""}]",[],[],,STANDARD_WHEN_IMPLEMENTATION_AUTHORIZED,12
RP05-T03,B,获准DAG/live引用的并发验证,NOT_STARTED,NOT_RUN,OPTIONAL_INACTIVE,RP05-T02,"[{""ref"": ""D-S01-08"", ""before"": ""IMPLEMENTATION"", ""condition"": ""DAG/live policy approved""}]","[{""ref"": ""T-RP-11"", ""before"": ""VALIDATION"", ""condition"": ""always""}]",[],,CONDITIONAL_NOT_APPROVED,36
RP06-T01,B,registration全入口scope,NOT_STARTED,NOT_RUN,APPLICABLE_IMPLEMENTATION_DECISIONS_PENDING,,"[{""ref"": ""D-S01-05"", ""before"": ""IMPLEMENTATION"", ""condition"": ""always""}]",[],[],,STANDARD_WHEN_IMPLEMENTATION_AUTHORIZED,10
RP06-T02,B,registration负责人共享适配,NOT_STARTED,NOT_RUN,IMPLEMENTATION_DEPENDENCIES_PENDING,RP06-T01;RP07-T02,"[{""ref"": ""D-S01-06"", ""before"": ""IMPLEMENTATION"", ""condition"": ""always""}]",[],[],,STANDARD_WHEN_IMPLEMENTATION_AUTHORIZED,33
RP07-T02,B,负责人转移一致性,NOT_STARTED,NOT_RUN,APPLICABLE_IMPLEMENTATION_DECISIONS_PENDING,,"[{""ref"": ""D-S01-06"", ""before"": ""IMPLEMENTATION"", ""condition"": ""always""}, {""ref"": ""S03-OI-07"", ""before"": ""IMPLEMENTATION"", ""condition"": ""same D-S01-06 approval; no second approval required""}]",[],[],,STANDARD_WHEN_IMPLEMENTATION_AUTHORIZED,11
RP08-T02,E,ACL角色版本/回填/撤权及outbox隔离,NOT_STARTED,NOT_RUN,APPLICABLE_IMPLEMENTATION_DECISIONS_PENDING,,"[{""ref"": ""T-RP-04"", ""before"": ""IMPLEMENTATION"", ""condition"": ""always""}, {""ref"": ""T-RP-12"", ""before"": ""IMPLEMENTATION"", ""condition"": ""always""}]","[{""ref"": ""S02-OPEN-02"", ""before"": ""VALIDATION"", ""condition"": ""joint authorized cache/page fallback acceptance""}]",[],RP11-T01,STANDARD_WHEN_IMPLEMENTATION_AUTHORIZED,16
RP09-T01,D,单项授权/CAS/audit/receipt原子提交,NOT_STARTED,NOT_RUN,APPLICABLE_IMPLEMENTATION_DECISIONS_PENDING,,"[{""ref"": ""T-RP-02"", ""before"": ""IMPLEMENTATION"", ""condition"": ""always""}, {""ref"": ""T-RP-07"", ""before"": ""IMPLEMENTATION"", ""condition"": ""delete command adapter modified""}, {""ref"": ""S03-OI-05"", ""before"": ""IMPLEMENTATION"", ""condition"": ""only if stale/delete command adapter is changed; no gate on unrelated task fields or report snapshot""}]",[],[],,STANDARD_WHEN_IMPLEMENTATION_AUTHORIZED,1
RP09-T02,D,同key竞争/unknown恢复/保留清理,NOT_STARTED,NOT_RUN,IMPLEMENTATION_DEPENDENCIES_PENDING,RP09-T01,"[{""ref"": ""T-RP-02"", ""before"": ""IMPLEMENTATION"", ""condition"": ""always""}]","[{""ref"": ""S03-OI-02"", ""before"": ""VALIDATION"", ""condition"": ""always""}]","[{""ref"": ""S03-OI-04"", ""before"": ""RELEASE"", ""condition"": ""always""}]",,STANDARD_WHEN_IMPLEMENTATION_AUTHORIZED,13
RP10-T01,C,任务全部支持端CAS链,NOT_STARTED,NOT_RUN,APPLICABLE_IMPLEMENTATION_DECISIONS_PENDING,,"[{""ref"": ""T-RP-03"", ""before"": ""IMPLEMENTATION"", ""condition"": ""always""}, {""ref"": ""S03-OI-05"", ""before"": ""IMPLEMENTATION"", ""condition"": ""only if stale/delete command adapter is changed; no gate on unrelated task fields or report snapshot""}]",[],[],,STANDARD_WHEN_IMPLEMENTATION_AUTHORIZED,9
RP10-T03,C,获准submit/resubmit状态及竞争,NOT_STARTED,NOT_RUN,APPLICABLE_IMPLEMENTATION_DECISIONS_PENDING,,"[{""ref"": ""D-S01-07"", ""before"": ""IMPLEMENTATION"", ""condition"": ""always""}]","[{""ref"": ""S03-OI-08"", ""before"": ""VALIDATION"", ""condition"": ""always""}]",[],,STANDARD_WHEN_IMPLEMENTATION_AUTHORIZED,8
RP11-T01,E,身份阶段/owner命名空间/ACL安全回退,NOT_STARTED,NOT_RUN,APPLICABLE_IMPLEMENTATION_DECISIONS_PENDING,,"[{""ref"": ""T-RP-09"", ""before"": ""IMPLEMENTATION"", ""condition"": ""always""}, {""ref"": ""T-RP-12"", ""before"": ""IMPLEMENTATION"", ""condition"": ""always""}]","[{""ref"": ""S02-OPEN-01"", ""before"": ""VALIDATION"", ""condition"": ""always""}, {""ref"": ""S02-OPEN-02"", ""before"": ""VALIDATION"", ""condition"": ""always""}]",[],,STANDARD_WHEN_IMPLEMENTATION_AUTHORIZED,5
RP11-T02,E,旧IDB行隔离迁移与多tab升级,NOT_STARTED,NOT_RUN,IMPLEMENTATION_DEPENDENCIES_PENDING,RP11-T01,"[{""ref"": ""T-RP-01"", ""before"": ""IMPLEMENTATION"", ""condition"": ""always""}]","[{""ref"": ""S02-OPEN-06"", ""before"": ""VALIDATION"", ""condition"": ""always""}, {""ref"": ""S02-OPEN-07"", ""before"": ""VALIDATION"", ""condition"": ""always""}]",[],,STANDARD_WHEN_IMPLEMENTATION_AUTHORIZED,14
RP11-T03,E,冲突原子移动/用户恢复和最后副本,NOT_STARTED,NOT_RUN,IMPLEMENTATION_DEPENDENCIES_PENDING,RP11-T01,"[{""ref"": ""T-RP-12"", ""before"": ""IMPLEMENTATION"", ""condition"": ""always""}]","[{""ref"": ""S02-OPEN-03"", ""before"": ""VALIDATION"", ""condition"": ""always""}]",[],,STANDARD_WHEN_IMPLEMENTATION_AUTHORIZED,15
RP12-T01,E,条数/bytes/依赖与不可变发送批次,NOT_STARTED,NOT_RUN,IMPLEMENTATION_DEPENDENCIES_PENDING,RP11-T01,"[{""ref"": ""T-RP-11"", ""before"": ""IMPLEMENTATION"", ""condition"": ""always""}]","[{""ref"": ""S02-OPEN-04"", ""before"": ""VALIDATION"", ""condition"": ""always""}]",[],,STANDARD_WHEN_IMPLEMENTATION_AUTHORIZED,17
RP12-T02,E,按key验证结果及partial retry,NOT_STARTED,NOT_RUN,IMPLEMENTATION_DEPENDENCIES_PENDING,RP12-T01;RP09-T01;RP11-T03,"[{""ref"": ""T-RP-02"", ""before"": ""IMPLEMENTATION"", ""condition"": ""always""}, {""ref"": ""T-RP-12"", ""before"": ""IMPLEMENTATION"", ""condition"": ""always""}]",[],[],,STANDARD_WHEN_IMPLEMENTATION_AUTHORIZED,18
RP13-T03,D,生产者coverage/bootstrap/ACL/过期重建,NOT_STARTED,NOT_RUN,IMPLEMENTATION_DEPENDENCIES_PENDING,RP09-T01;RP08-T02;RP11-T02,"[{""ref"": ""T-RP-04"", ""before"": ""IMPLEMENTATION"", ""condition"": ""always""}, {""ref"": ""T-RP-10"", ""before"": ""IMPLEMENTATION"", ""condition"": ""always""}, {""ref"": ""D-S01-08"", ""before"": ""IMPLEMENTATION"", ""condition"": ""only when approved delete/live-reference/tombstone semantics are changed""}]",[],"[{""ref"": ""S03-OI-04"", ""before"": ""RELEASE"", ""condition"": ""always""}]",,STANDARD_WHEN_IMPLEMENTATION_AUTHORIZED,19
RP14-T02,F,elevated/其他scan状态/审计,NOT_STARTED,NOT_RUN,APPLICABLE_IMPLEMENTATION_DECISIONS_PENDING,,"[{""ref"": ""T-RP-05"", ""before"": ""IMPLEMENTATION"", ""condition"": ""always""}]",[],[],,STANDARD_WHEN_IMPLEMENTATION_AUTHORIZED,7
RP15-T01,F,实际schema与历史异常只读核查,IN_PROGRESS,ENV_BLOCKED,EXTERNAL_DATA_INPUT_REQUIRED,,[],"[{""ref"": ""S04-OI-01"", ""before"": ""VALIDATION"", ""condition"": ""always""}]",[],,STANDARD_WHEN_IMPLEMENTATION_AUTHORIZED,30
RP15-T02,F,获准异常处置与迁移锁/关系设计,NOT_STARTED,NOT_RUN,IMPLEMENTATION_DEPENDENCIES_PENDING,RP15-T01,"[{""ref"": ""D-S01-08"", ""before"": ""IMPLEMENTATION"", ""condition"": ""always""}, {""ref"": ""T-RP-11"", ""before"": ""IMPLEMENTATION"", ""condition"": ""always""}]",[],[],,STANDARD_WHEN_IMPLEMENTATION_AUTHORIZED,31
RP15-T03,F,expand/validate/contract隔离演练,NOT_STARTED,NOT_RUN,IMPLEMENTATION_DEPENDENCIES_PENDING,RP15-T02,"[{""ref"": ""D-S01-08"", ""before"": ""IMPLEMENTATION"", ""condition"": ""always""}]","[{""ref"": ""T-RP-11"", ""before"": ""VALIDATION"", ""condition"": ""always""}]",[],,STANDARD_WHEN_IMPLEMENTATION_AUTHORIZED,32
RP16-T01,F,支持模块完整unique/FK registry,NOT_STARTED,NOT_RUN,APPLICABLE_IMPLEMENTATION_DECISIONS_PENDING,,"[{""ref"": ""T-RP-06"", ""before"": ""IMPLEMENTATION"", ""condition"": ""always""}]",[],[],,STANDARD_WHEN_IMPLEMENTATION_AUTHORIZED,20
RP16-T02,F,apply/真实计数/提交失败状态,NOT_STARTED,NOT_RUN,IMPLEMENTATION_DEPENDENCIES_PENDING,RP16-T01,"[{""ref"": ""T-RP-06"", ""before"": ""IMPLEMENTATION"", ""condition"": ""always""}]","[{""ref"": ""S05-OI-03"", ""before"": ""VALIDATION"", ""condition"": ""always""}]",[],,STANDARD_WHEN_IMPLEMENTATION_AUTHORIZED,21
RP16-T03,F,恢复epoch/session/receipt/sync写入影响,NOT_STARTED,NOT_RUN,IMPLEMENTATION_DEPENDENCIES_PENDING,RP16-T02,"[{""ref"": ""T-RP-10"", ""before"": ""IMPLEMENTATION"", ""condition"": ""always""}]",[],[],,STANDARD_WHEN_IMPLEMENTATION_AUTHORIZED,22
RP17-T02,G,并发备份run锁/manifest/pair保留,NOT_STARTED,NOT_RUN,APPLICABLE_IMPLEMENTATION_DECISIONS_PENDING,,"[{""ref"": ""T-RP-11"", ""before"": ""IMPLEMENTATION"", ""condition"": ""always""}]",[],[],,STANDARD_WHEN_IMPLEMENTATION_AUTHORIZED,23
RP17-T03,G,目标Linux/inode/metadata及失败验收,NOT_STARTED,NOT_RUN,IMPLEMENTATION_DEPENDENCIES_PENDING,RP17-T02,[],"[{""ref"": ""S05-OI-01"", ""before"": ""VALIDATION"", ""condition"": ""always""}]",[],,STANDARD_WHEN_IMPLEMENTATION_AUTHORIZED,26
RP18-T01,G,先build candidate/config CLI后gate/DDL,NOT_STARTED,NOT_RUN,APPLICABLE_IMPLEMENTATION_DECISIONS_PENDING,,"[{""ref"": ""T-RP-08"", ""before"": ""IMPLEMENTATION"", ""condition"": ""always""}, {""ref"": ""T-RP-09"", ""before"": ""IMPLEMENTATION"", ""condition"": ""always""}]",[],[],,STANDARD_WHEN_IMPLEMENTATION_AUTHORIZED,24
RP18-T02,G,部署锁/原子切流/first-safe rollback,NOT_STARTED,NOT_RUN,IMPLEMENTATION_DEPENDENCIES_PENDING,RP18-T01,"[{""ref"": ""T-RP-13"", ""before"": ""IMPLEMENTATION"", ""condition"": ""always""}]",[],"[{""ref"": ""S05-OI-05"", ""before"": ""RELEASE"", ""condition"": ""always""}]",,STANDARD_WHEN_IMPLEMENTATION_AUTHORIZED,25
RP18-T03,G,目标运行配置/版本兼容验证,NOT_STARTED,NOT_RUN,IMPLEMENTATION_DEPENDENCIES_PENDING,RP18-T02,"[{""ref"": ""T-RP-08"", ""before"": ""IMPLEMENTATION"", ""condition"": ""always""}]","[{""ref"": ""S05-OI-04"", ""before"": ""VALIDATION"", ""condition"": ""always""}]",[],,STANDARD_WHEN_IMPLEMENTATION_AUTHORIZED,27
RP19-T02,G,配对恢复/一致时点/epoch演练,NOT_STARTED,NOT_RUN,IMPLEMENTATION_DEPENDENCIES_PENDING,RP17-T02;RP18-T01,"[{""ref"": ""T-RP-10"", ""before"": ""IMPLEMENTATION"", ""condition"": ""always""}]","[{""ref"": ""S05-OI-02"", ""before"": ""VALIDATION"", ""condition"": ""always""}]",[],,STANDARD_WHEN_IMPLEMENTATION_AUTHORIZED,28
RP19-T03,G,按具体candidate范围计算release gates,NOT_STARTED,NOT_RUN,IMPLEMENTATION_DEPENDENCIES_PENDING,RP18-T02;RP17-T03,"[{""ref"": ""T-RP-13"", ""before"": ""IMPLEMENTATION"", ""condition"": ""always""}]",[],"[{""ref"": ""S05-OI-04"", ""before"": ""RELEASE"", ""condition"": ""always""}, {""ref"": ""S05-OI-05"", ""before"": ""RELEASE"", ""condition"": ""always""}]",,STANDARD_WHEN_IMPLEMENTATION_AUTHORIZED,29
RP19-T04,G,32confirmed+candidate总体处置对账,IN_PROGRESS,ENV_BLOCKED,FINAL_CLOSURE_DEFERRED,,[],[],[],,STANDARD_WHEN_IMPLEMENTATION_AUTHORIZED,34
